gateway_latency_ms,bank_latency_ms,total_latency_ms,packet_loss_pct,payment_stage,error_code_category,is_timeout_flag,order_amount_inr,retry_count,action_label
232.17,579.44,811.62,2.36,0,0,0,10969.87,0,0
1519.0,351.18,1870.17,1.81,2,1,0,13063.37,0,1
636.21,489.99,1126.19,4.42,2,0,0,12988.43,0,0
1639.47,914.15,2553.62,4.41,1,0,1,10020.19,1,2
417.44,1141.98,1559.42,1.18,1,3,0,1795.05,0,0
1346.55,644.23,1990.78,2.33,2,1,0,13203.99,2,1
393.84,2275.21,2669.05,1.69,0,1,0,7595.78,2,1
1656.83,1846.26,3503.09,6.52,1,0,1,9251.12,0,2
107.07,446.43,553.5,0.46,1,1,0,10294.72,0,1
496.37,580.49,1076.87,8.63,1,0,0,12131.42,0,1
1670.51,318.31,1988.82,6.75,2,3,0,12485.56,1,0
2512.54,314.43,2826.97,9.05,1,0,1,1924.97,0,2
432.64,507.64,940.28,0.64,2,2,1,14473.89,0,2
269.65,31.47,301.12,2.83,2,3,0,14670.02,1,0
486.04,153.46,639.5,0.95,1,0,0,14218.72,0,0
129.66,2726.44,2856.1,7.62,2,3,0,9124.92,2,0
275.75,608.41,884.16,7.13,0,0,0,5809.15,1,1
3487.32,430.8,3918.12,6.57,2,0,1,3658.79,0,2
1198.95,808.5,2007.45,2.44,1,0,0,1884.42,0,0
2229.54,207.97,2437.51,7.99,3,3,0,9065.13,0,0
733.73,535.1,1268.83,3.66,1,0,0,1342.35,0,0
1462.92,3898.24,5361.16,1.72,1,1,0,7385.37,0,1
1403.48,261.92,1665.4,2.92,1,3,0,14280.37,0,0
113.65,3382.85,3496.5,1.43,1,1,0,7513.73,0,1
220.01,825.97,1045.99,0.63,2,1,0,3832.2,0,1
785.66,188.34,973.99,8.62,0,1,0,10620.27,1,1
1177.89,49.34,1227.23,3.63,2,2,1,12583.84,1,2
51.35,540.02,591.37,3.7,1,3,0,6886.98,0,0
92.8,1147.4,1240.21,2.77,2,0,0,1149.86,0,0
2170.93,317.62,2488.55,9.59,2,0,0,11591.25,0,1
2068.64,2677.12,4745.76,2.43,0,1,0,11233.65,0,1
822.14,851.98,1674.12,4.59,2,1,0,14068.47,0,1
607.69,552.74,1160.43,3.87,1,1,0,2252.1,0,1
2226.7,865.13,3091.83,1.71,1,0,1,8196.75,0,2
475.36,296.33,771.69,6.11,2,2,1,4255.19,0,2
1865.42,1140.88,3006.3,2.43,0,3,0,11762.91,0,0
1348.06,338.68,1686.73,0.76,2,2,1,8221.74,0,2
1154.55,91.37,1245.92,0.5,2,3,0,10786.0,0,0
2320.45,49.31,2369.77,1.53,3,2,1,4603.92,0,2
65.05,39.08,104.13,7.67,1,0,0,12906.59,0,1
25.58,2166.46,2192.04,1.23,2,1,0,2353.84,2,1
883.51,966.25,1849.76,3.9,3,0,0,8231.67,0,0
72.38,1500.36,1572.74,1.88,0,0,0,6944.26,0,0
440.39,573.78,1014.17,0.95,1,0,0,5169.32,0,0
243.76,662.56,906.32,4.59,2,0,0,9460.28,0,0
634.0,2075.38,2709.38,1.47,1,0,1,6662.48,2,2
344.57,1036.12,1380.69,1.66,3,0,0,14631.14,0,0
1127.92,138.22,1266.14,1.71,1,0,0,13993.42,0,0
168.57,2141.79,2310.37,0.62,3,2,1,6064.92,0,2
463.01,493.53,956.54,0.18,2,0,0,9271.73,0,0
80.44,516.97,597.4,1.51,1,0,0,8335.29,0,0
1215.2,2045.68,3260.88,3.44,3,0,1,1171.41,0,2
238.26,45.23,283.49,2.25,0,1,0,611.04,0,1
790.4,503.72,1294.12,10.15,3,0,1,12293.57,0,2
1360.89,1159.55,2520.44,1.1,2,0,1,8363.85,2,2
806.5,40.18,846.68,3.49,1,0,0,10675.08,0,0
845.31,1113.78,1959.09,2.11,2,0,0,14841.31,0,0
1082.63,414.0,1496.63,7.36,2,0,0,6948.26,0,1
166.77,129.73,296.5,11.91,1,1,0,10390.17,0,1
1365.48,207.68,1573.16,0.64,1,0,0,14011.82,0,0
24.06,375.62,399.68,0.31,0,0,0,6093.68,0,0
148.46,69.72,218.17,1.85,2,1,0,6295.04,0,1
533.16,103.65,636.82,0.17,2,0,0,9714.04,0,0
45.34,515.08,560.43,1.02,2,3,0,8244.56,0,0
387.02,398.85,785.86,5.27,1,0,0,11961.42,0,1
511.67,161.16,672.83,9.54,1,2,1,13237.46,0,2
195.99,855.97,1051.96,4.66,2,0,0,7460.77,0,0
288.2,667.08,955.28,8.77,2,0,0,11769.08,3,1
201.0,691.69,892.69,3.41,2,0,0,14882.17,0,0
614.53,3034.96,3649.48,0.25,1,1,0,14370.72,2,1
457.75,769.21,1226.96,9.12,2,2,1,4011.4,0,2
260.62,1853.2,2113.82,6.69,2,0,0,14182.32,3,1
348.66,1423.31,1771.97,3.02,1,0,0,2987.46,2,1
219.56,155.05,374.61,3.28,1,0,0,9213.67,0,0
429.68,603.79,1033.47,1.32,0,1,0,8032.17,0,1
34.72,1728.13,1762.85,4.3,1,1,0,1781.59,0,1
39.92,729.43,769.35,14.25,1,1,0,2119.2,0,1
696.63,1101.06,1797.68,4.46,2,2,1,4513.03,2,2
101.78,600.21,702.0,1.79,0,2,1,3310.4,1,2
137.97,2189.24,2327.21,4.06,1,0,0,9969.34,2,1
47.01,2350.48,2397.5,0.36,1,0,0,14231.53,0,0
77.51,1336.28,1413.78,0.71,2,2,1,12470.02,0,2
2853.98,434.15,3288.13,4.45,1,1,0,11910.67,0,1
1431.65,1671.98,3103.63,5.07,2,1,0,7429.73,2,1
346.52,388.17,734.69,1.38,2,1,0,9475.37,1,1
1212.02,427.76,1639.79,4.61,2,0,0,10940.93,0,0
130.64,1495.0,1625.64,0.32,1,0,0,9143.9,2,1
185.15,164.98,350.12,0.35,1,2,1,14799.89,0,2
440.69,351.21,791.9,4.48,1,0,0,10880.67,2,1
153.18,1273.83,1427.01,0.4,2,0,0,12405.73,2,1
84.15,571.53,655.68,1.16,1,2,1,7182.85,1,2
738.0,326.43,1064.43,4.69,2,0,0,10827.95,0,0
41.98,924.36,966.33,1.58,1,1,0,11554.59,0,1
542.95,108.59,651.54,2.86,1,2,1,13504.23,0,2
962.54,496.03,1458.57,0.49,2,3,0,13555.45,0,0
285.24,205.98,491.22,0.57,1,2,1,1656.76,0,2
756.8,1682.38,2439.18,2.25,2,0,0,6260.64,2,1
743.86,474.07,1217.92,0.4,0,1,0,1168.86,0,1
169.57,863.17,1032.74,1.1,3,0,0,5405.4,0,0
88.78,210.66,299.44,2.06,1,0,0,8529.63,0,0
385.02,83.67,468.69,6.12,0,3,0,1578.64,0,0
1495.26,390.85,1886.11,0.0,1,3,0,1435.82,1,0
160.21,87.82,248.02,0.56,1,0,0,10695.72,3,1
715.12,1461.32,2176.45,0.14,2,0,0,2474.98,2,1
829.95,890.05,1720.0,1.1,2,1,0,5194.82,0,1
137.7,400.76,538.46,1.39,2,2,1,13682.5,3,2
1091.21,3132.44,4223.65,10.52,1,2,1,2980.75,1,2
121.9,1524.38,1646.28,4.64,1,0,0,6342.1,2,1
534.23,159.0,693.23,1.69,1,2,1,6964.61,0,2
275.35,1348.27,1623.61,0.21,1,0,0,13692.59,0,0
84.08,4135.7,4219.78,3.01,1,0,1,14162.12,1,2
1197.16,1849.59,3046.75,1.66,3,3,0,2835.34,0,0
1073.4,2397.17,3470.57,5.0,1,0,1,13098.68,0,2
57.03,1082.61,1139.63,7.72,2,0,0,12717.1,0,1
759.36,453.64,1213.0,0.8,2,0,0,6055.82,0,0
781.4,653.59,1434.98,6.0,2,0,0,13870.85,0,1
995.76,938.45,1934.21,6.45,3,2,1,3490.25,0,2
91.37,443.79,535.16,3.17,2,0,0,4741.53,1,0
203.67,137.37,341.04,3.46,1,0,0,389.08,0,0
707.39,73.35,780.74,5.85,0,0,0,4719.51,0,1
1867.7,1221.24,3088.94,0.65,1,0,1,14775.44,1,2
1069.4,222.52,1291.92,0.75,1,0,0,6626.7,0,0
440.01,114.63,554.64,1.01,1,1,0,4244.34,0,1
1218.49,1715.62,2934.11,2.13,3,0,1,924.45,1,2
226.95,4172.09,4399.03,5.5,0,0,1,12053.88,0,2
3472.37,810.24,4282.61,6.21,2,1,0,413.45,0,1
142.75,450.66,593.41,0.39,1,0,0,8355.47,1,0
1166.74,1782.77,2949.52,2.77,0,0,1,14125.06,0,2
379.83,71.09,450.92,0.32,1,3,0,588.72,0,0
270.67,258.55,529.22,0.8,1,1,0,3918.76,0,1
74.07,99.89,173.96,4.55,3,1,0,8111.61,1,1
1062.2,1411.61,2473.81,2.92,2,0,0,12557.58,1,0
57.21,690.5,747.71,0.09,0,0,0,14262.5,0,0
1331.61,148.33,1479.94,1.32,3,0,0,7964.4,0,0
1990.81,904.21,2895.01,4.94,1,2,1,8207.48,0,2
883.76,1207.69,2091.45,0.64,3,2,1,3424.04,0,2
883.01,2815.55,3698.56,3.5,1,1,0,12060.19,0,1
155.83,676.9,832.73,3.6,1,0,0,6576.7,0,0
1681.65,259.83,1941.48,0.77,0,3,0,13185.96,1,0
820.31,494.78,1315.09,1.12,1,0,0,14523.53,0,0
645.98,1885.66,2531.63,0.73,2,2,1,7280.31,2,2
336.17,657.94,994.11,2.16,2,1,0,3196.58,1,1
556.87,1443.58,2000.45,3.95,3,0,0,2982.36,1,0
94.22,53.99,148.21,0.55,3,3,0,14258.15,0,0
670.92,49.52,720.44,1.75,1,3,0,340.26,0,0
1165.13,1712.68,2877.81,2.71,2,0,1,3236.87,0,2
88.24,1380.56,1468.79,0.4,1,0,0,641.48,0,0
685.97,293.16,979.13,2.34,2,3,0,767.05,0,0
214.49,67.41,281.91,0.57,1,1,0,1340.54,0,1
430.66,787.78,1218.44,3.09,0,2,1,7603.19,0,2
2616.8,3044.48,5661.28,0.15,1,0,1,1372.59,2,2
40.92,3286.9,3327.82,2.08,1,3,0,6275.0,0,0
1380.56,3644.82,5025.37,11.82,1,1,0,3541.59,0,1
571.64,1142.18,1713.81,2.5,0,3,0,8645.03,1,0
2659.96,2736.13,5396.09,14.49,3,0,1,5225.3,0,2
651.05,695.53,1346.58,2.59,2,0,0,7100.08,0,0
2785.93,688.04,3473.96,0.26,3,0,1,5105.6,0,2
81.07,2311.99,2393.06,2.95,1,0,0,467.99,3,1
443.5,699.11,1142.61,4.66,2,2,1,7667.67,0,2
289.39,570.71,860.11,0.62,1,0,0,4617.97,0,0
2154.24,205.16,2359.4,6.29,2,0,0,10422.74,0,1
1568.67,1212.92,2781.59,0.2,0,1,0,13521.33,1,1
236.97,118.36,355.32,0.6,3,2,1,1729.4,0,2
913.06,61.45,974.5,1.43,1,2,1,11452.82,1,2
402.03,392.32,794.35,2.77,1,2,1,7297.69,3,2
180.54,790.19,970.73,3.59,2,0,0,6878.86,0,0
162.85,489.42,652.26,0.89,1,0,0,6521.65,0,0
1162.66,544.84,1707.5,14.84,1,1,0,4609.34,0,1
1090.03,2815.73,3905.76,0.37,1,0,1,1933.48,0,2
1543.78,1136.24,2680.02,1.45,0,2,1,5128.41,0,2
973.34,353.4,1326.75,1.67,3,1,0,12558.17,1,1
1510.35,1222.14,2732.49,8.43,1,1,0,8025.8,1,1
784.07,934.39,1718.46,9.01,1,0,0,8181.56,0,1
1819.63,1727.06,3546.7,3.18,1,0,1,3233.12,0,2
689.64,49.33,738.97,4.07,0,0,0,12286.77,0,0
57.09,479.29,536.38,2.83,3,2,1,14702.08,0,2
190.84,364.46,555.3,1.82,0,1,0,13819.27,0,1
55.31,563.02,618.33,4.61,0,2,1,2986.38,0,2
1007.67,266.36,1274.04,0.39,2,0,0,2958.91,0,0
903.65,506.58,1410.22,1.24,2,0,0,4709.59,0,0
1402.94,300.41,1703.35,0.83,1,1,0,7288.11,1,1
135.48,47.09,182.57,3.17,3,1,0,4611.24,0,1
501.47,293.99,795.46,2.36,2,2,1,1380.06,0,2
90.28,3277.67,3367.96,0.26,3,0,1,11642.32,3,2
1656.8,1535.19,3192.0,5.53,1,1,0,1272.6,0,1
465.65,1132.38,1598.03,3.95,2,3,0,11822.17,0,0
1540.8,1578.28,3119.09,3.42,2,1,0,6701.3,0,1
793.2,360.75,1153.95,3.74,1,3,0,8106.95,0,0
1307.21,101.5,1408.72,0.41,2,0,0,14153.62,1,0
1048.2,1665.22,2713.42,2.87,2,1,0,4311.74,0,1
1306.97,230.42,1537.39,7.45,0,3,0,8531.74,1,0
148.76,890.67,1039.43,0.69,1,0,0,13650.71,0,0
810.03,3054.61,3864.64,1.49,2,0,1,13671.28,0,2
858.05,2152.89,3010.94,2.57,2,2,1,10322.76,2,2
103.79,1695.37,1799.16,0.09,2,3,0,2326.05,0,0
87.88,197.41,285.29,0.96,1,0,0,7990.05,0,0
1440.49,1069.76,2510.24,3.17,1,0,1,1431.16,0,2
1006.84,7753.53,8760.37,3.04,2,1,0,8917.94,0,1
922.88,1204.04,2126.92,1.74,1,0,0,6130.12,2,1
1284.67,4668.97,5953.64,0.99,1,1,0,14111.92,0,1
556.55,1159.92,1716.47,13.15,3,1,0,14016.41,2,1
616.72,816.35,1433.07,2.06,2,0,0,2018.44,0,0
312.52,193.07,505.59,6.03,2,0,0,7959.1,0,1
297.55,804.56,1102.11,0.56,0,0,0,12119.95,0,0
537.09,715.69,1252.78,1.95,1,0,0,7115.16,0,0
765.48,1482.93,2248.41,2.55,2,0,0,12094.01,0,0
372.17,669.19,1041.36,2.5,1,0,0,8627.03,0,0
605.16,112.74,717.9,4.57,1,2,1,6216.43,0,2
388.25,3356.42,3744.67,4.02,2,0,1,2658.01,0,2
760.04,281.9,1041.94,15.48,1,3,0,5124.31,0,0
172.25,531.83,704.07,0.14,1,0,0,8700.08,1,0
151.59,189.35,340.94,2.31,0,0,0,4278.78,0,0
76.49,60.57,137.05,1.3,1,0,0,10204.03,0,0
225.46,1966.12,2191.58,2.66,1,3,0,12562.95,0,0
1641.61,71.19,1712.8,2.61,1,2,1,8997.04,0,2
482.62,3320.6,3803.22,1.64,1,3,0,3648.06,0,0
140.74,2260.48,2401.22,1.88,2,2,1,2433.53,1,2
2874.24,1983.18,4857.41,2.85,2,2,1,12047.21,0,2
365.4,1657.28,2022.68,0.18,1,0,0,4324.26,1,0
792.99,2017.75,2810.75,3.03,0,3,0,1181.36,0,0
3700.96,1675.87,5376.83,1.92,2,2,1,12287.66,0,2
1005.0,698.59,1703.59,0.2,2,3,0,3872.66,0,0
258.87,330.53,589.4,0.03,2,0,0,8461.14,0,0
260.12,499.56,759.68,0.18,1,1,0,13833.73,0,1
668.4,998.83,1667.23,1.05,2,0,0,3307.13,0,0
361.93,2565.36,2927.29,0.47,3,0,1,2075.35,0,2
378.25,171.24,549.48,0.25,2,0,0,13934.77,0,0
164.08,1156.47,1320.55,0.93,0,0,0,5252.85,0,0
110.69,1278.43,1389.12,0.52,1,1,0,9626.68,0,1
1769.29,3151.72,4921.02,0.36,2,1,0,11526.05,3,1
822.8,1092.16,1914.96,3.22,0,3,0,4119.16,0,0
318.85,37.87,356.72,15.17,1,1,0,2480.27,0,1
159.05,98.78,257.82,1.14,2,0,0,8028.09,2,1
393.05,3056.0,3449.05,1.47,1,1,0,4935.15,1,1
1265.37,596.92,1862.29,7.22,3,1,0,10317.12,1,1
633.91,1871.67,2505.58,1.67,1,0,1,5647.38,0,2
242.09,653.8,895.89,2.57,1,2,1,12067.86,0,2
290.89,1157.09,1447.98,0.04,2,1,0,2825.55,0,1
562.26,1114.62,1676.87,5.33,1,1,0,9102.19,2,1
850.34,100.91,951.25,2.47,3,0,0,303.23,0,0
687.27,802.91,1490.18,5.09,2,0,0,4045.76,0,1
677.99,1004.86,1682.84,1.0,0,0,0,8991.17,0,0
969.16,1639.46,2608.61,2.98,2,1,0,3686.62,0,1
1831.39,733.62,2565.01,2.61,1,0,1,1793.33,0,2
1480.57,1053.36,2533.94,6.73,2,1,0,875.88,0,1
79.95,939.2,1019.15,8.41,2,0,0,9848.11,0,1
173.28,1844.26,2017.54,18.97,0,1,0,7952.41,0,1
23.96,858.73,882.69,14.33,1,0,1,1599.24,0,2
395.07,1465.07,1860.14,0.89,2,3,0,10870.3,0,0
939.71,84.82,1024.53,0.47,2,0,0,1832.48,0,0
846.04,264.53,1110.58,0.67,2,1,0,6829.42,0,1
498.81,1017.06,1515.87,0.34,1,3,0,11284.97,0,0
1485.08,59.07,1544.15,1.83,1,3,0,2021.79,0,0
967.2,81.27,1048.47,0.25,3,1,0,5389.73,0,1
584.41,1914.59,2499.0,1.02,1,0,0,5393.82,1,0
472.03,1489.16,1961.18,1.69,1,0,0,3666.61,0,0
1268.63,967.31,2235.94,11.09,0,3,0,7812.68,0,0
62.28,711.64,773.92,4.57,2,0,0,9413.86,0,0
641.2,235.36,876.56,5.94,2,1,0,7193.24,0,1
1380.58,626.09,2006.67,4.82,0,2,1,5200.78,1,2
423.67,1315.36,1739.02,1.6,2,0,0,520.05,0,0
470.12,184.13,654.26,2.29,3,0,0,8329.84,0,0
466.25,1036.71,1502.97,0.3,2,2,1,12802.89,0,2
81.98,209.97,291.95,3.92,2,2,1,1691.63,0,2
5973.38,227.67,6201.04,1.09,2,1,0,5664.32,1,1
333.94,905.13,1239.07,4.13,1,2,1,6114.34,2,2
193.77,1132.03,1325.8,0.07,2,0,0,5742.68,0,0
557.77,83.23,641.0,1.97,1,0,0,3202.65,0,0
586.79,39.97,626.76,1.48,3,1,0,10187.86,0,1
1297.32,2287.1,3584.42,3.66,1,3,0,11331.82,0,0
204.22,462.04,666.27,6.48,3,0,0,5380.92,0,1
317.27,573.47,890.74,2.86,2,1,0,10082.31,0,1
455.23,1041.7,1496.93,0.32,1,3,0,7053.58,2,0
1233.22,88.67,1321.88,1.07,2,1,0,1789.47,0,1
3535.25,406.63,3941.88,2.09,1,0,1,10628.97,0,2
516.71,123.53,640.24,1.41,2,0,0,12136.69,0,0
665.59,446.14,1111.73,3.95,3,0,0,10773.25,2,1
512.13,821.19,1333.32,3.51,0,1,0,7607.94,1,1
468.28,55.78,524.06,0.28,2,0,0,5010.0,0,0
194.51,560.63,755.14,0.14,2,0,0,7405.66,0,0
3312.24,614.83,3927.07,0.34,1,0,1,6445.81,0,2
911.53,1961.23,2872.76,2.22,0,2,1,3167.72,0,2
1114.57,83.78,1198.35,6.62,2,0,0,2757.14,0,1
110.17,1040.44,1150.61,0.25,2,0,0,13715.84,1,0
802.85,1336.91,2139.76,2.68,1,3,0,3088.41,2,0
376.39,301.07,677.46,5.88,1,1,0,4615.68,0,1
1533.56,149.44,1683.0,1.02,0,0,0,2356.02,1,0
2276.87,1612.69,3889.56,3.94,2,0,1,13804.91,1,2
147.27,3892.33,4039.6,1.85,3,0,1,13808.57,0,2
2156.11,454.46,2610.57,6.46,2,0,1,4240.58,1,2
225.63,234.9,460.52,0.47,3,0,0,8745.41,0,0
29.75,869.27,899.02,0.63,1,2,1,4025.75,2,2
1403.2,608.3,2011.5,0.08,2,3,0,13735.57,0,0
1634.36,698.78,2333.14,0.57,3,3,0,1077.83,0,0
66.42,38.9,105.32,2.97,2,1,0,5543.97,0,1
483.16,2970.51,3453.67,8.64,1,0,1,832.5,0,2
84.74,2036.76,2121.5,0.5,2,1,0,485.0,0,1
2863.34,276.82,3140.16,1.7,3,2,1,10145.39,1,2
3348.5,111.7,3460.2,11.4,1,1,0,6463.98,0,1
1213.8,693.0,1906.8,4.09,1,0,0,14259.16,0,0
302.54,844.28,1146.82,2.08,2,1,0,9743.61,1,1
1245.21,1892.18,3137.39,2.67,1,0,1,13285.41,0,2
1075.12,1572.74,2647.86,2.61,1,2,1,1004.18,0,2
421.33,153.96,575.29,8.51,0,0,0,10813.44,0,1
692.04,808.05,1500.08,3.33,2,0,0,10637.7,0,0
448.4,471.8,920.2,1.74,2,0,0,2984.99,1,0
1490.43,2316.58,3807.01,0.94,2,1,0,7821.45,0,1
246.32,1297.46,1543.78,4.6,2,0,0,2444.84,1,0
829.38,791.49,1620.87,1.95,2,0,0,10867.99,3,1
626.33,878.75,1505.07,9.82,2,1,0,6695.56,0,1
659.21,692.69,1351.9,0.18,3,1,0,3863.53,0,1
252.07,4003.5,4255.57,2.84,3,0,1,7596.69,0,2
615.14,2330.92,2946.06,7.91,1,2,1,8249.04,0,2
151.92,40.34,192.26,0.65,2,0,0,598.06,0,0
806.57,546.85,1353.41,3.85,2,2,1,2344.1,0,2
2308.01,628.3,2936.31,0.13,3,0,1,1454.94,0,2
1489.59,1786.21,3275.8,6.2,2,2,1,13391.91,0,2
1663.6,1771.5,3435.11,2.25,2,3,0,4785.07,0,0
393.77,963.56,1357.32,4.88,1,0,0,6019.64,0,0
2806.86,163.33,2970.19,3.15,1,0,1,7969.85,0,2
279.34,345.25,624.59,7.29,2,0,0,5631.94,0,1
364.78,598.42,963.2,0.14,3,0,0,13357.26,0,0
466.58,2040.63,2507.21,2.55,2,1,0,2821.11,1,1
185.66,548.0,733.66,13.02,1,0,1,1183.77,0,2
864.35,48.17,912.52,2.75,1,3,0,6074.46,0,0
183.14,395.91,579.05,8.34,2,3,0,4195.95,1,0
446.93,294.62,741.56,0.62,1,0,0,12622.6,0,0
543.92,1838.61,2382.53,2.23,1,1,0,6509.62,1,1
2809.73,61.64,2871.37,1.06,2,1,0,14807.79,0,1
426.67,2872.59,3299.26,3.1,3,0,1,6323.86,3,2
76.2,466.63,542.83,1.58,2,3,0,5760.87,0,0
1937.8,344.04,2281.84,1.62,3,2,1,8729.03,1,2
183.78,1146.89,1330.67,1.75,2,3,0,678.11,2,0
516.93,485.2,1002.13,4.44,1,1,0,2649.18,0,1
258.66,1088.9,1347.56,0.5,2,0,0,427.53,0,0
120.76,883.2,1003.95,1.79,3,0,0,13195.33,0,0
604.4,615.87,1220.27,1.71,3,0,0,14623.93,0,0
1368.08,672.09,2040.18,0.24,2,0,0,3431.68,1,0
642.33,748.81,1391.14,4.92,1,0,0,7330.47,1,0
1072.19,35.33,1107.52,11.17,1,0,1,9858.12,0,2
1238.71,938.6,2177.31,3.44,0,1,0,4861.88,0,1
934.35,469.0,1403.35,7.34,2,2,1,5329.54,1,2
2231.16,258.72,2489.88,0.49,2,3,0,11324.36,0,0
114.3,898.61,1012.92,7.05,2,0,0,13609.13,2,1
327.72,1195.63,1523.35,0.28,2,1,0,811.94,0,1
532.76,3245.45,3778.21,3.79,2,1,0,13045.14,0,1
170.68,1265.54,1436.22,2.35,1,1,0,14219.59,0,1
793.2,1559.23,2352.44,0.67,0,0,0,2758.92,0,0
67.67,127.2,194.87,2.09,1,0,0,236.57,0,0
259.57,1997.11,2256.68,1.85,2,1,0,10535.18,0,1
668.52,44.42,712.94,1.28,0,0,0,235.56,1,0
1212.09,3527.39,4739.48,0.32,1,0,1,1694.17,1,2
932.12,1451.78,2383.9,2.96,1,0,0,4100.65,3,1
34.71,1898.24,1932.95,1.71,3,0,0,5141.68,0,0
552.23,213.31,765.54,2.63,2,1,0,5387.2,0,1
1027.94,789.91,1817.85,0.51,1,3,0,14059.12,2,0
318.37,356.24,674.61,2.76,3,3,0,1361.27,0,0
881.53,1644.35,2525.88,0.06,2,0,1,14176.78,0,2
283.87,2021.78,2305.65,1.53,3,0,0,5815.77,0,0
759.96,1106.01,1865.97,2.25,2,1,0,12930.59,0,1
1445.59,815.7,2261.29,0.78,1,1,0,9592.01,3,1
211.59,1257.88,1469.46,1.19,3,0,0,4920.52,2,1
1414.6,204.62,1619.22,0.83,1,2,1,8820.39,0,2
591.9,587.72,1179.63,0.0,2,0,0,4341.65,0,0
624.53,118.49,743.02,1.57,1,0,0,12865.28,1,0
2498.48,1766.08,4264.56,5.81,1,0,1,1313.96,0,2
3435.02,330.21,3765.23,0.7,1,1,0,14535.34,0,1
826.49,1165.29,1991.78,5.63,1,0,0,4177.63,1,1
566.84,853.76,1420.6,1.2,1,0,0,1993.95,0,0
565.64,643.45,1209.09,4.57,1,0,0,4007.89,0,0
2221.76,5901.85,8123.61,0.04,1,0,1,6511.71,0,2
402.68,2306.58,2709.27,1.3,2,0,1,8396.59,0,2
290.66,557.08,847.74,5.13,0,1,0,3702.29,0,1
510.36,379.62,889.98,5.05,3,1,0,3679.65,0,1
413.55,62.26,475.81,3.29,2,0,0,9029.24,0,0
105.29,370.25,475.53,8.95,1,1,0,7776.36,2,1
152.71,379.99,532.7,4.33,1,0,0,11376.16,0,0
1628.31,744.23,2372.55,3.44,1,1,0,12006.32,0,1
427.33,42.18,469.51,5.99,2,3,0,13994.31,0,0
970.05,112.23,1082.28,1.27,2,2,1,13842.39,0,2
1824.61,1246.91,3071.53,1.31,2,0,1,2162.12,0,2
742.06,478.48,1220.54,6.13,2,0,0,119.14,0,1
588.01,2144.7,2732.71,3.87,1,0,1,5867.05,0,2
718.15,2480.95,3199.1,4.22,1,0,1,7347.44,0,2
952.15,1750.26,2702.41,3.45,1,0,1,5181.61,0,2
820.4,1000.03,1820.43,0.31,2,1,0,4587.52,0,1
2039.14,1914.15,3953.29,0.61,2,0,1,12185.46,0,2
247.06,825.0,1072.06,1.16,2,1,0,3765.4,0,1
969.83,527.73,1497.56,0.68,1,0,0,896.18,0,0
353.93,60.49,414.41,2.37,1,0,0,2033.77,2,1
183.85,456.97,640.82,13.94,0,0,1,12833.07,0,2
1001.68,2146.79,3148.46,4.02,3,0,1,4675.61,1,2
492.48,2081.16,2573.64,3.18,2,0,1,9360.46,2,2
998.19,1000.99,1999.18,0.77,2,3,0,7613.53,0,0
939.83,1987.33,2927.15,5.67,2,1,0,3866.21,0,1
260.67,204.9,465.58,0.12,2,2,1,11270.91,0,2
790.32,4165.99,4956.31,2.26,2,2,1,13236.37,0,2
766.0,1376.7,2142.7,0.4,1,0,0,1447.24,0,0
800.34,1208.82,2009.16,2.75,2,0,0,8155.1,0,0
102.59,788.12,890.71,9.89,2,0,0,5933.9,3,1
281.24,85.86,367.1,5.35,1,0,0,8986.26,1,1
376.07,122.54,498.61,5.81,1,1,0,8873.27,2,1
1382.27,196.87,1579.14,5.84,2,1,0,5210.2,0,1
296.41,2791.81,3088.22,3.91,3,2,1,12856.69,1,2
1139.92,246.45,1386.37,5.62,2,3,0,7314.78,2,0
722.26,651.15,1373.41,0.83,0,1,0,3003.12,1,1
503.07,361.95,865.02,5.78,1,3,0,13644.18,1,0
586.18,1007.48,1593.66,1.3,1,0,0,10382.12,0,0
25.13,1475.79,1500.92,0.8,1,1,0,4010.0,0,1
1109.89,623.62,1733.51,1.0,1,1,0,4349.28,2,1
283.66,2258.43,2542.09,0.2,2,2,1,9698.77,1,2
1776.77,345.82,2122.58,1.34,2,1,0,13621.2,2,1
1090.25,341.16,1431.41,0.13,0,1,0,9054.26,0,1
718.63,1765.13,2483.76,5.93,2,1,0,3172.42,0,1
137.77,751.25,889.01,3.42,0,1,0,2133.89,1,1
1339.57,3272.15,4611.71,1.4,2,0,1,10044.49,3,2
138.36,748.78,887.14,1.28,2,0,0,4850.38,0,0
186.72,518.64,705.36,5.57,1,0,0,3343.73,2,1
148.97,423.36,572.32,0.63,0,0,0,7434.02,0,0
180.64,1452.03,1632.67,0.56,2,0,0,2776.8,0,0
47.29,174.19,221.47,2.71,2,2,1,11913.32,0,2
47.99,771.06,819.05,2.21,1,2,1,6470.37,0,2
901.12,1653.59,2554.71,1.84,1,0,1,7507.79,1,2
589.74,93.8,683.54,0.77,1,3,0,1532.28,1,0
655.19,1807.56,2462.74,1.3,2,0,0,3026.98,0,0
40.78,5921.76,5962.55,0.93,2,0,1,1963.82,0,2
424.91,1093.2,1518.11,0.96,1,3,0,5815.15,0,0
98.08,56.11,154.19,4.43,2,0,0,3983.93,0,0
714.16,2129.4,2843.56,3.49,2,1,0,13630.45,0,1
69.62,279.11,348.73,8.47,1,0,0,8531.36,0,1
368.64,1737.82,2106.46,1.11,1,3,0,14796.61,0,0
1330.56,6074.15,7404.71,2.05,2,2,1,14562.95,0,2
332.02,989.89,1321.91,3.48,1,3,0,5573.37,0,0
1178.14,94.43,1272.56,2.18,1,1,0,13963.68,0,1
353.39,2238.16,2591.54,10.21,0,2,1,14860.58,1,2
690.19,188.9,879.1,7.09,2,0,0,8904.65,0,1
406.49,1216.12,1622.61,4.84,2,1,0,5461.39,0,1
334.05,386.59,720.64,4.68,2,0,0,9408.04,0,0
594.32,933.49,1527.81,11.78,3,1,0,6490.42,0,1
1722.04,96.15,1818.18,4.94,1,0,0,6980.92,0,0
334.91,1798.4,2133.31,0.15,2,0,0,2385.85,0,0
2662.3,813.13,3475.42,7.41,2,1,0,11518.63,0,1
40.57,1545.79,1586.36,1.25,3,3,0,12853.29,2,0
768.66,539.22,1307.88,6.29,0,0,0,10370.26,0,1
62.45,1652.45,1714.9,0.29,3,3,0,11765.56,1,0
1674.51,410.19,2084.7,1.0,1,3,0,1617.52,0,0
1327.76,820.67,2148.43,4.62,1,0,0,1916.15,0,0
178.45,241.87,420.32,5.18,1,2,1,2917.26,1,2
859.78,735.76,1595.53,1.44,2,1,0,5532.04,0,1
79.14,219.38,298.51,11.67,1,3,0,3580.35,0,0
78.55,1317.26,1395.8,2.73,1,1,0,13819.49,0,1
2192.97,44.49,2237.45,1.35,2,2,1,10740.38,0,2
32.46,1965.83,1998.3,1.86,1,0,0,11378.21,0,0
2702.54,3687.17,6389.71,19.1,1,1,0,6622.94,0,1
1436.35,1283.25,2719.6,1.58,1,2,1,799.77,2,2
1252.12,70.19,1322.31,5.83,3,0,0,675.01,0,1
255.14,1100.11,1355.26,6.06,2,2,1,13469.75,0,2
87.62,2728.75,2816.37,0.37,1,1,0,10102.44,0,1
746.74,3545.17,4291.91,0.14,2,1,0,678.31,0,1
773.75,1426.22,2199.97,2.15,3,0,0,4182.78,0,0
1519.32,2818.43,4337.75,6.98,2,0,1,4506.72,0,2
1120.98,1191.61,2312.6,2.43,2,3,0,10423.89,2,0
501.5,59.6,561.11,2.45,2,0,0,6134.52,0,0
93.38,60.94,154.32,0.47,2,1,0,11310.9,0,1
1005.8,1024.92,2030.72,1.3,0,0,0,11572.61,0,0
113.27,570.87,684.15,8.07,2,3,0,14991.96,0,0
584.0,872.9,1456.9,0.22,2,2,1,6037.33,0,2
252.05,808.26,1060.3,0.51,1,3,0,5488.82,1,0
309.09,2770.85,3079.94,5.56,1,0,1,179.7,1,2
122.78,136.89,259.67,3.21,2,0,0,8842.84,1,0
133.91,2128.42,2262.34,0.71,1,0,0,1262.11,0,0
102.22,193.99,296.21,5.53,1,2,1,13117.8,2,2
863.68,525.99,1389.67,2.46,1,1,0,5144.46,1,1
494.51,1127.77,1622.28,10.66,3,0,1,5136.18,1,2
1757.09,1368.97,3126.06,3.42,1,0,1,13996.46,0,2
45.68,598.23,643.91,5.36,1,1,0,2022.64,0,1
381.58,237.53,619.11,3.83,2,0,0,9597.3,0,0
491.47,1460.67,1952.14,3.01,2,2,1,7956.93,0,2
880.01,181.2,1061.21,2.03,2,0,0,2918.17,0,0
1145.65,109.98,1255.62,9.4,1,2,1,11348.49,1,2
1136.67,521.0,1657.67,0.68,2,0,0,7626.22,0,0
2034.53,81.55,2116.07,5.87,2,1,0,11690.38,0,1
1765.8,1756.55,3522.35,6.63,2,1,0,10668.51,0,1
644.54,1622.98,2267.52,2.24,1,0,0,2882.91,0,0
3471.8,1844.74,5316.54,2.06,2,2,1,7090.74,2,2
774.56,761.96,1536.51,7.42,2,1,0,11139.16,0,1
861.87,184.32,1046.18,3.89,1,2,1,2764.73,0,2
368.76,707.91,1076.68,3.3,1,3,0,2046.45,3,0
1147.0,2395.99,3542.98,0.18,2,0,1,1320.88,0,2
416.86,596.24,1013.1,2.46,2,0,0,2704.32,0,0
36.22,383.9,420.12,10.2,2,0,1,11369.71,1,2
2822.97,385.81,3208.78,7.75,2,1,0,11908.84,0,1
98.89,780.09,878.98,0.86,2,1,0,1219.63,0,1
902.3,194.4,1096.7,1.71,2,0,0,7426.9,0,0
389.83,5419.89,5809.72,2.12,1,3,0,11133.59,0,0
3371.34,314.14,3685.48,0.65,2,0,1,11632.53,0,2
258.99,1073.61,1332.59,3.63,2,0,0,8576.93,0,0
1199.11,368.47,1567.58,1.41,2,1,0,3154.19,0,1
382.38,353.2,735.58,0.71,2,2,1,8099.2,0,2
720.99,891.04,1612.04,2.34,2,1,0,5640.37,3,1
54.29,658.66,712.94,3.55,1,0,0,14167.01,0,0
1801.13,451.53,2252.66,1.04,1,2,1,3809.26,0,2
1376.87,816.32,2193.19,1.5,1,1,0,157.07,0,1
298.05,748.19,1046.24,9.88,1,0,0,9609.54,0,1
1296.8,820.93,2117.73,1.44,1,0,0,6504.49,2,1
555.92,369.6,925.52,0.67,1,3,0,10728.49,2,0
441.2,281.49,722.7,3.19,1,0,0,6408.03,1,0
385.15,928.55,1313.7,15.3,1,3,0,10212.04,0,0
1078.25,1730.5,2808.75,2.95,1,0,1,2542.58,0,2
37.2,336.9,374.1,2.56,1,1,0,7357.53,0,1
122.46,880.05,1002.51,1.22,1,0,0,2159.86,0,0
4507.0,36.4,4543.4,4.34,1,1,0,8108.66,0,1
2228.28,1214.66,3442.94,1.39,2,0,1,3045.59,0,2
754.07,1787.39,2541.46,1.76,1,0,1,11315.63,0,2
1165.44,279.03,1444.47,19.03,0,0,1,13328.48,2,2
5144.38,293.28,5437.66,0.16,2,3,0,13417.24,0,0
1115.5,1889.26,3004.76,0.37,2,1,0,757.77,2,1
1510.82,395.74,1906.56,1.69,1,0,0,11145.5,0,0
276.34,291.14,567.48,1.54,2,1,0,3220.16,0,1
773.97,1630.94,2404.91,0.5,0,0,0,1877.15,2,1
499.06,1430.1,1929.16,0.3,2,0,0,6953.14,0,0
179.32,1349.38,1528.7,0.15,2,2,1,3696.11,0,2
841.71,702.15,1543.87,14.16,3,0,1,10744.37,1,2
1388.24,899.17,2287.41,10.03,2,2,1,9963.35,1,2
31.72,105.7,137.42,0.18,1,3,0,8696.35,2,0
622.21,689.79,1312.0,5.72,1,0,0,7956.1,0,1
150.06,708.89,858.95,7.27,1,2,1,9925.41,2,2
2420.39,372.55,2792.95,5.92,1,0,1,5249.74,0,2
610.92,37.69,648.62,1.23,3,2,1,13230.64,1,2
666.36,594.41,1260.76,3.49,0,0,0,8697.6,0,0
248.78,1893.5,2142.28,2.14,2,0,0,13436.0,0,0
1496.73,474.28,1971.01,3.18,1,0,0,2884.92,0,0
665.69,1593.08,2258.77,1.55,0,0,0,1844.26,0,0
1606.51,286.22,1892.73,4.99,3,1,0,1260.4,2,1
445.67,1666.96,2112.63,3.08,2,0,0,6223.31,0,0
1645.47,1161.75,2807.22,0.84,0,2,1,4091.32,0,2
229.1,1420.06,1649.16,2.91,1,0,0,8828.1,0,0
737.99,100.91,838.91,9.44,3,0,0,1981.62,0,1
427.75,2565.02,2992.77,3.1,2,2,1,4966.67,2,2
424.06,417.86,841.93,0.96,1,0,0,1269.8,0,0
1230.74,1121.3,2352.04,7.58,2,2,1,14876.12,0,2
2236.64,468.35,2704.99,2.05,1,1,0,14599.86,0,1
1230.76,1315.34,2546.1,1.24,2,0,1,9659.54,0,2
895.37,89.58,984.96,4.51,2,1,0,14008.48,0,1
991.27,1344.89,2336.16,1.37,2,1,0,14004.57,3,1
360.89,130.26,491.15,0.64,3,0,0,3281.71,0,0
1203.59,1443.67,2647.26,1.37,3,0,1,14244.29,0,2
902.61,267.28,1169.89,1.42,2,0,0,1267.24,0,0
1298.85,700.4,1999.25,5.09,1,0,0,13086.12,0,1
1053.54,737.37,1790.9,2.7,2,1,0,8212.47,0,1
434.44,1467.36,1901.8,2.22,0,0,0,10987.12,0,0
1066.3,141.46,1207.76,0.49,2,1,0,11416.85,3,1
414.51,3870.89,4285.4,4.83,1,0,1,9667.44,0,2
58.05,1091.82,1149.87,1.56,2,0,0,1607.37,1,0
398.5,108.62,507.11,3.4,1,1,0,14082.87,0,1
794.72,724.4,1519.12,20.27,3,1,0,14332.11,1,1
154.13,1517.18,1671.31,0.52,2,3,0,12151.99,0,0
230.83,321.83,552.66,0.44,2,0,0,1378.33,0,0
972.66,592.87,1565.53,2.1,2,1,0,9986.01,3,1
437.92,1131.9,1569.82,6.84,2,2,1,9796.75,2,2
831.63,377.42,1209.05,3.09,3,1,0,11690.85,0,1
220.93,42.69,263.62,0.86,1,0,0,11369.02,0,0
109.34,2191.56,2300.9,1.08,2,0,0,562.75,0,0
780.32,554.5,1334.82,5.12,3,0,0,9844.51,0,1
80.16,101.55,181.71,2.52,2,3,0,1280.82,0,0
880.19,1818.75,2698.94,0.32,3,1,0,5714.48,0,1
448.67,266.62,715.28,4.85,2,0,0,469.78,0,0
150.41,1312.68,1463.09,0.08,2,1,0,2419.82,1,1
2619.27,161.25,2780.53,0.29,2,2,1,5415.88,0,2
58.48,2008.26,2066.75,3.53,2,2,1,10191.78,2,2
1823.93,140.32,1964.26,8.41,2,0,0,7389.32,1,1
317.99,803.71,1121.7,0.86,0,0,0,3727.66,0,0
209.25,347.38,556.63,0.9,1,0,0,6862.31,1,0
98.18,331.49,429.67,4.9,2,1,0,10491.73,2,1
1155.84,39.1,1194.94,0.37,2,3,0,3746.7,1,0
249.39,410.91,660.3,3.82,1,2,1,2759.94,0,2
578.75,79.34,658.09,2.85,1,3,0,13678.99,0,0
670.99,878.1,1549.09,3.76,0,1,0,8293.17,2,1
200.37,2663.62,2863.99,0.11,2,2,1,4266.06,0,2
2065.98,240.85,2306.83,3.53,0,0,0,7949.58,0,0
368.85,395.95,764.8,1.46,1,0,0,11059.26,1,0
117.59,3340.42,3458.01,2.03,2,1,0,8471.97,0,1
735.77,720.94,1456.71,8.4,2,2,1,3609.93,0,2
3544.11,552.23,4096.34,2.15,2,0,1,8064.86,2,2
24.19,506.49,530.68,2.74,3,2,1,3395.1,0,2
346.26,453.41,799.67,2.49,2,0,0,1388.22,0,0
297.62,514.84,812.46,1.88,2,0,0,5844.73,1,0
970.33,635.12,1605.45,1.95,1,3,0,6319.98,0,0
588.35,1220.4,1808.75,0.67,1,2,1,13598.08,0,2
698.67,41.37,740.03,2.31,2,2,1,9014.76,0,2
359.84,1419.38,1779.22,0.94,1,3,0,14069.5,0,0
1054.88,2265.77,3320.65,9.93,1,2,1,10279.32,0,2
626.01,1561.27,2187.28,0.18,1,3,0,7330.31,0,0
727.14,491.74,1218.88,2.26,2,0,0,4877.24,0,0
464.22,726.19,1190.4,2.7,1,2,1,12171.09,1,2
1036.1,1385.78,2421.87,1.33,1,0,0,12938.21,1,0
2310.5,1300.66,3611.16,3.15,0,0,1,368.63,0,2
1249.31,117.88,1367.19,0.07,1,0,0,13528.76,0,0
318.84,100.07,418.9,1.4,1,0,0,1676.37,1,0
505.19,899.77,1404.96,3.27,1,0,0,4364.74,1,0
1707.13,489.58,2196.71,7.42,2,1,0,10827.4,0,1
1075.81,72.82,1148.63,1.88,2,0,0,8079.28,0,0
570.01,636.54,1206.55,1.2,1,2,1,8092.51,0,2
1694.93,306.93,2001.87,0.36,1,3,0,3561.12,0,0
2329.74,88.25,2417.99,9.32,1,1,0,9096.67,0,1
472.98,117.25,590.23,0.64,2,2,1,2060.32,0,2
392.38,788.37,1180.76,1.89,0,0,0,8567.96,2,1
1567.36,639.24,2206.6,3.2,1,0,0,2606.73,2,1
2109.33,955.06,3064.39,0.82,3,1,0,4133.19,0,1
561.21,1421.02,1982.23,2.05,1,1,0,3787.2,1,1
500.29,1149.77,1650.06,0.86,2,0,0,2644.45,2,1
1244.7,2395.64,3640.34,3.93,2,2,1,187.38,0,2
2999.56,346.95,3346.51,8.44,1,0,1,3783.37,0,2
2484.18,1104.53,3588.71,0.66,1,0,1,2908.65,0,2
932.8,31.99,964.79,4.75,2,1,0,10749.06,2,1
1643.6,70.26,1713.86,0.6,1,0,0,1151.2,0,0
568.72,1246.38,1815.11,0.0,1,0,0,11591.52,0,0
829.43,500.75,1330.18,1.96,2,0,0,5525.4,2,1
1816.89,1113.73,2930.62,4.4,2,3,0,4288.0,0,0
62.7,848.84,911.54,5.02,2,1,0,4193.1,1,1
441.98,529.05,971.03,10.29,2,1,0,4792.51,0,1
1167.11,457.62,1624.73,6.67,1,0,0,10877.62,0,1
824.11,103.1,927.21,2.07,3,0,0,1542.6,0,0
859.02,2091.63,2950.65,4.09,2,0,1,5662.96,0,2
874.8,391.38,1266.18,3.17,1,1,0,6889.35,0,1
662.2,1681.49,2343.69,0.58,2,0,0,8826.25,0,0
236.64,1162.62,1399.26,6.18,1,1,0,11222.14,0,1
931.9,587.92,1519.82,5.0,1,0,0,13364.29,0,1
330.98,141.34,472.32,1.31,2,1,0,11932.6,0,1
794.35,257.18,1051.53,4.16,0,0,0,4554.0,0,0
332.51,876.01,1208.52,1.33,2,0,0,2732.57,1,0
74.37,222.64,297.01,7.65,2,0,0,9544.95,0,1
425.05,645.57,1070.62,5.98,1,0,0,2554.49,0,1
233.93,695.79,929.72,0.21,1,2,1,753.32,0,2
113.8,109.3,223.1,0.02,1,1,0,1781.32,0,1
484.95,901.37,1386.32,1.43,2,0,0,1257.92,0,0
49.28,354.09,403.37,3.17,1,2,1,8575.31,1,2
636.71,418.12,1054.83,2.75,2,3,0,3307.51,2,0
24.62,2572.21,2596.83,4.54,2,0,1,7495.21,1,2
600.01,725.7,1325.71,0.39,3,0,0,9359.82,0,0
407.47,893.46,1300.92,0.74,2,0,0,10219.66,0,0
703.54,537.51,1241.05,0.87,2,1,0,8981.35,2,1
174.26,1282.91,1457.16,1.8,1,1,0,6756.91,0,1
105.6,358.56,464.15,3.08,2,2,1,3952.5,0,2
168.83,2220.31,2389.14,7.09,2,0,0,12172.86,0,1
775.3,349.71,1125.01,0.42,2,0,0,2910.62,0,0
180.17,1150.84,1331.01,2.63,2,2,1,6129.34,0,2
1862.25,645.42,2507.67,3.57,2,1,0,12178.0,0,1
387.76,296.84,684.6,0.03,2,3,0,7154.18,0,0
4575.9,379.02,4954.92,0.99,3,0,1,13900.28,0,2
1026.95,718.24,1745.19,3.22,1,1,0,2973.31,0,1
1086.79,3815.74,4902.53,2.75,0,2,1,12015.41,1,2
822.24,858.76,1681.0,0.51,3,0,0,10588.66,3,1
75.18,156.37,231.55,25.69,1,1,0,463.43,0,1
289.18,532.75,821.93,0.5,1,0,0,8118.0,0,0
1341.87,460.02,1801.89,15.6,1,1,0,3611.67,0,1
110.18,1250.34,1360.52,3.81,2,0,0,14028.85,0,0
935.31,377.16,1312.47,3.66,1,0,0,13558.78,1,0
701.6,57.92,759.52,3.59,1,3,0,6001.21,0,0
345.79,917.59,1263.37,9.65,1,2,1,6363.0,1,2
880.43,1075.94,1956.37,10.83,2,0,1,3930.73,0,2
1954.64,1953.89,3908.53,4.64,1,1,0,11594.95,0,1
518.14,2202.38,2720.52,7.69,1,0,1,12769.73,0,2
1438.6,1504.57,2943.17,3.29,2,0,1,13957.08,3,2
1349.06,515.34,1864.4,10.82,1,0,1,13932.75,0,2
544.64,1107.36,1652.0,3.92,0,0,0,12966.02,3,1
44.69,2872.02,2916.7,4.26,3,0,1,13082.87,2,2
50.07,1753.93,1804.0,3.67,2,1,0,2604.96,0,1
545.21,268.82,814.04,4.12,1,0,0,9031.52,0,0
1698.89,964.17,2663.06,3.77,2,2,1,12653.82,1,2
162.94,227.54,390.48,1.38,2,0,0,4081.43,0,0
2312.83,205.81,2518.63,7.24,3,0,1,12328.96,0,2
2179.21,624.79,2804.0,0.34,1,0,1,12698.11,1,2
802.31,3474.41,4276.72,1.53,1,0,1,2202.78,1,2
457.51,574.08,1031.59,1.61,3,0,0,12490.45,1,0
119.6,2222.87,2342.47,5.59,2,1,0,8902.99,0,1
1267.06,53.63,1320.69,10.99,1,0,1,7032.64,0,2
629.07,499.28,1128.35,6.03,1,0,0,13538.55,2,1
496.01,3354.72,3850.73,2.35,2,0,1,6429.43,0,2
1364.73,3154.64,4519.36,0.02,1,1,0,248.54,3,1
605.37,1335.57,1940.94,1.55,1,3,0,8157.41,0,0
102.37,572.91,675.28,0.85,2,0,0,4365.57,1,0
607.45,458.97,1066.42,9.45,1,0,0,5078.16,2,1
300.15,475.05,775.2,0.45,2,0,0,3877.06,0,0
1084.42,175.56,1259.98,3.35,2,2,1,951.28,0,2
676.15,1960.84,2636.99,0.69,3,1,0,2193.44,1,1
3863.87,546.19,4410.06,2.1,1,1,0,6062.31,0,1
1461.11,1111.8,2572.91,1.47,1,2,1,1493.45,0,2
2801.67,1409.85,4211.52,3.02,2,0,1,3100.85,1,2
569.67,65.54,635.21,3.03,2,1,0,7555.34,0,1
183.18,1585.58,1768.76,6.81,1,1,0,1787.15,3,1
660.33,963.26,1623.6,3.3,2,0,0,7281.72,3,1
374.74,698.7,1073.44,5.85,1,0,0,1383.13,0,1
370.8,356.62,727.42,3.73,2,0,0,13570.12,0,0
247.2,1717.07,1964.27,2.32,3,0,0,1902.31,0,0
142.98,435.91,578.89,9.84,2,0,0,11399.93,0,1
338.79,69.78,408.57,0.09,0,1,0,13739.7,0,1
794.22,664.86,1459.08,0.03,1,0,0,12569.26,0,0
184.17,843.91,1028.08,1.61,1,3,0,6567.33,0,0
2125.8,2744.31,4870.11,3.24,0,0,1,5807.73,1,2
875.92,613.59,1489.5,4.04,0,0,0,4170.08,2,1
210.95,179.95,390.9,0.75,1,2,1,7577.86,0,2
1108.53,728.42,1836.95,2.21,2,0,0,10519.76,0,0
366.63,342.74,709.37,3.64,1,0,0,8449.2,2,1
370.34,318.87,689.21,8.86,2,3,0,2407.16,0,0
96.84,2034.67,2131.51,7.97,1,3,0,8738.08,0,0
1387.86,2015.15,3403.01,5.14,2,0,1,562.92,0,2
2655.89,2029.96,4685.85,3.44,1,0,1,2585.76,0,2
2415.97,2925.64,5341.6,1.96,2,3,0,11100.6,0,0
566.79,1369.1,1935.89,0.29,2,0,0,9431.26,0,0
2115.79,128.47,2244.26,0.71,1,1,0,10043.53,0,1
507.15,572.65,1079.8,3.91,2,0,0,1451.74,0,0
110.42,1685.61,1796.03,3.67,1,2,1,1012.13,0,2
155.68,1454.61,1610.29,1.09,2,3,0,14438.84,0,0
1318.19,1668.09,2986.28,0.06,0,2,1,3244.0,0,2
425.46,306.46,731.92,3.06,2,0,0,12903.94,0,0
582.97,557.0,1139.97,0.99,1,0,0,3132.32,0,0
76.01,1777.04,1853.05,7.13,1,0,0,2899.76,1,1
619.0,621.88,1240.88,3.73,1,3,0,111.76,0,0
791.15,614.37,1405.52,3.95,2,0,0,4128.19,0,0
776.28,330.49,1106.76,1.24,1,3,0,4822.0,1,0
1293.82,790.36,2084.18,1.71,2,1,0,12815.6,0,1
454.09,2568.24,3022.33,2.09,2,0,1,12309.03,0,2
90.92,836.79,927.71,7.26,2,2,1,4106.04,0,2
925.48,1189.4,2114.89,0.68,2,0,0,887.11,1,0
1535.82,1378.91,2914.72,1.95,1,1,0,10072.8,0,1
372.01,327.88,699.89,1.15,2,1,0,659.74,1,1
327.47,1143.15,1470.63,4.53,2,0,0,5813.87,3,1
743.25,1856.33,2599.58,0.46,3,0,1,11255.22,0,2
521.29,3589.0,4110.28,7.19,1,2,1,13029.07,0,2
419.51,942.19,1361.7,3.59,2,0,0,14790.42,0,0
134.62,1729.94,1864.55,0.54,1,3,0,6636.21,2,0
158.16,2783.27,2941.42,0.71,3,0,1,7823.03,2,2
640.34,227.68,868.02,5.03,2,0,0,11781.18,0,1
640.08,2170.61,2810.69,4.39,2,2,1,10113.69,0,2
38.18,2352.18,2390.36,1.04,1,0,0,689.41,0,0
1035.65,1328.49,2364.14,11.97,1,0,1,12654.06,0,2
2049.35,137.47,2186.82,1.33,2,1,0,10954.56,3,1
1149.01,1417.36,2566.36,4.95,3,0,1,7380.21,0,2
686.17,1003.77,1689.94,5.35,1,0,0,4761.38,0,1
578.04,860.28,1438.32,5.05,3,0,0,9025.26,0,1
30.54,528.33,558.88,10.9,2,2,1,13729.76,0,2
418.65,4777.64,5196.29,2.51,2,0,1,14162.23,0,2
3464.96,2151.57,5616.53,3.24,0,1,0,6683.62,0,1
725.96,4000.91,4726.87,10.73,1,0,1,4622.21,0,2
1116.48,1006.59,2123.07,19.82,3,3,0,14236.98,0,0
2014.16,201.11,2215.27,0.44,3,1,0,10038.85,0,1
243.22,103.68,346.91,0.42,2,0,0,11825.94,0,0
1274.56,204.38,1478.94,0.36,1,3,0,14826.72,0,0
183.51,115.26,298.77,0.79,3,0,0,14048.83,0,0
863.11,381.77,1244.88,6.6,1,0,0,10127.82,2,1
53.27,514.25,567.51,0.2,2,0,0,11196.79,0,0
1447.67,2648.81,4096.48,0.82,0,0,1,12910.24,2,2
29.76,406.7,436.46,0.4,2,0,0,2010.0,0,0
47.63,1561.37,1608.99,6.83,3,3,0,11240.01,0,0
87.23,2694.97,2782.2,0.05,2,0,1,11751.83,0,2
737.88,1107.37,1845.25,2.41,2,0,0,13142.91,0,0
531.03,69.71,600.74,9.74,1,1,0,4200.33,0,1
729.78,955.15,1684.93,5.25,0,0,0,12814.86,0,1
2822.9,448.41,3271.31,2.16,1,0,1,9625.02,0,2
86.81,1312.79,1399.6,1.43,1,0,0,14506.3,0,0
199.45,30.65,230.1,2.02,2,0,0,13356.34,0,0
469.21,828.22,1297.43,0.57,3,0,0,11386.29,1,0
29.35,1603.87,1633.22,12.5,2,1,0,12107.78,1,1
892.05,1409.06,2301.11,1.5,2,0,0,5517.81,0,0
106.52,753.62,860.14,4.87,2,1,0,3498.7,1,1
679.49,229.9,909.38,1.41,2,2,1,11561.83,0,2
146.61,297.13,443.74,3.15,3,0,0,8935.47,1,0
166.22,99.62,265.84,0.98,1,3,0,1077.45,0,0
755.27,97.6,852.87,3.98,2,0,0,9439.81,0,0
349.99,479.19,829.17,4.64,1,3,0,8483.57,3,0
2158.32,213.15,2371.47,0.86,1,2,1,14983.68,0,2
1699.53,593.85,2293.38,2.92,2,0,0,3775.18,2,1
50.17,251.88,302.05,1.26,1,0,0,10033.96,0,0
818.78,336.61,1155.39,4.16,1,0,0,12759.04,0,0
3327.02,141.32,3468.33,0.58,1,0,1,14216.68,0,2
667.9,1344.89,2012.79,2.18,1,1,0,7410.14,1,1
1672.89,1344.85,3017.74,3.45,1,0,1,6912.73,0,2
1059.12,200.17,1259.29,0.62,2,1,0,7390.91,1,1
578.88,181.76,760.64,18.1,2,0,1,12941.47,0,2
668.11,1482.71,2150.82,3.02,2,1,0,4528.49,2,1
126.52,1128.41,1254.93,0.05,1,0,0,291.04,1,0
114.95,169.35,284.31,1.12,1,0,0,6755.66,0,0
1836.6,532.74,2369.34,7.4,1,0,0,12134.77,0,1
240.28,1098.31,1338.58,0.94,0,0,0,9256.66,0,0
27.86,2171.83,2199.68,7.76,0,0,0,9375.99,0,1
726.69,406.7,1133.38,13.0,1,0,1,5570.83,0,2
3150.92,2225.16,5376.08,1.27,3,3,0,14134.39,1,0
957.97,94.74,1052.71,1.65,2,2,1,4694.45,2,2
504.66,157.71,662.37,5.03,2,0,0,9246.3,2,1
53.3,1157.56,1210.86,1.32,1,1,0,933.3,0,1
974.52,1978.85,2953.38,0.26,2,1,0,7997.78,0,1
79.85,138.99,218.85,13.27,1,1,0,2551.43,0,1
380.89,1929.44,2310.33,2.79,2,0,0,4876.46,0,0
140.76,390.87,531.63,1.45,1,1,0,6238.0,0,1
645.84,432.49,1078.33,3.01,0,0,0,6538.53,0,0
88.12,1662.17,1750.29,0.54,1,2,1,6696.77,0,2
4237.55,403.79,4641.34,1.26,1,0,1,14316.56,0,2
1814.64,1260.05,3074.69,2.16,1,0,1,14988.19,0,2
341.46,653.49,994.95,3.44,2,0,0,5722.49,0,0
1658.16,461.58,2119.75,2.68,0,1,0,13714.54,0,1
414.39,483.49,897.88,10.41,1,0,1,5003.2,0,2
175.98,1078.42,1254.4,0.78,2,2,1,10648.42,0,2
2530.11,437.07,2967.17,2.45,2,3,0,3221.84,2,0
954.07,728.01,1682.09,0.8,1,0,0,905.31,0,0
1203.85,98.29,1302.14,5.61,1,2,1,6686.79,0,2
310.71,359.96,670.67,0.12,1,1,0,8710.37,0,1
823.07,464.44,1287.51,2.79,1,1,0,3809.76,0,1
1055.64,102.69,1158.33,3.11,2,0,0,225.93,0,0
1975.69,1086.2,3061.89,2.27,0,1,0,8286.24,0,1
107.95,103.82,211.77,0.7,2,0,0,7035.76,0,0
544.04,766.99,1311.04,4.02,2,2,1,10068.9,0,2
714.33,3656.19,4370.52,2.46,2,1,0,6283.47,0,1
174.19,317.24,491.43,0.17,1,0,0,7750.17,0,0
1207.91,308.92,1516.83,2.06,0,1,0,1511.61,2,1
227.68,1900.29,2127.98,0.84,2,3,0,14513.19,1,0
333.64,1628.16,1961.81,0.98,3,0,0,6018.08,0,0
464.35,204.79,669.14,10.33,1,1,0,6899.12,2,1
2183.8,2058.06,4241.87,3.41,2,1,0,7994.15,0,1
386.79,1431.89,1818.68,0.14,2,0,0,10012.57,0,0
386.5,453.25,839.75,4.92,1,1,0,14046.31,0,1
250.4,559.36,809.77,2.54,1,3,0,536.56,0,0
629.93,2238.56,2868.49,5.27,2,2,1,8627.5,0,2
2336.94,1826.64,4163.58,3.1,1,1,0,3830.35,0,1
66.36,701.19,767.55,1.88,0,0,0,712.13,3,1
1604.65,2920.45,4525.09,1.05,1,0,1,697.03,0,2
505.9,48.29,554.19,0.2,1,1,0,105.98,0,1
480.26,359.9,840.16,0.87,1,0,0,8445.73,2,1
216.98,198.22,415.2,2.31,1,2,1,8394.97,1,2
1787.74,500.53,2288.27,2.9,1,2,1,10748.97,0,2
657.43,2411.75,3069.18,3.04,2,0,1,9309.73,0,2
212.14,230.62,442.76,0.95,1,0,0,576.72,0,0
279.9,1464.64,1744.54,2.93,1,0,0,6221.16,0,0
30.47,583.78,614.25,0.33,1,2,1,4868.89,0,2
141.52,254.85,396.37,0.47,2,0,0,7348.59,0,0
910.75,553.48,1464.23,3.67,2,1,0,7591.47,0,1
160.25,2446.54,2606.79,0.21,2,0,1,863.24,0,2
26.07,2810.06,2836.13,5.23,2,1,0,12326.59,0,1
351.24,147.65,498.88,3.38,1,0,0,10409.72,0,0
132.56,723.37,855.93,5.59,1,0,0,10061.35,0,1
137.29,81.53,218.82,7.41,0,1,0,2838.81,0,1
71.45,2669.89,2741.34,3.61,1,3,0,2181.84,3,0
377.2,217.18,594.38,1.52,1,1,0,12203.53,0,1
128.71,35.52,164.23,1.77,1,0,0,13034.66,1,0
628.44,766.67,1395.11,1.01,1,0,0,8611.07,2,1
441.31,3436.58,3877.89,0.76,2,0,1,3308.85,0,2
796.0,425.63,1221.62,9.28,2,1,0,2728.54,1,1
2398.95,3605.74,6004.69,17.16,2,1,0,3581.99,0,1
620.11,792.25,1412.37,3.87,2,1,0,10737.97,2,1
733.96,214.17,948.12,7.06,2,1,0,9841.29,0,1
1996.69,100.8,2097.49,2.87,1,0,0,5410.43,0,0
739.04,252.23,991.27,1.18,2,1,0,7805.06,0,1
159.55,2203.15,2362.7,2.29,2,0,0,1659.44,0,0
1321.6,902.75,2224.35,2.86,1,0,0,9464.71,0,0
1914.59,456.6,2371.19,5.71,3,2,1,4872.45,0,2
310.2,456.7,766.91,7.6,0,0,0,2073.81,0,1
512.65,1004.69,1517.34,10.2,1,0,1,6764.37,0,2
245.2,438.89,684.09,1.21,1,2,1,14310.18,0,2
963.26,3055.05,4018.31,1.31,1,0,1,2961.04,0,2
523.99,1169.78,1693.77,2.46,1,0,0,373.54,0,0
132.06,313.24,445.3,3.96,1,1,0,1404.86,1,1
525.93,356.78,882.72,1.97,2,1,0,14978.56,0,1
1697.76,1568.0,3265.76,0.44,1,0,1,8491.15,3,2
202.56,589.42,791.98,0.75,1,3,0,6678.86,1,0
69.8,1511.97,1581.77,3.03,3,1,0,14238.85,1,1
711.48,583.13,1294.61,18.85,0,0,1,728.79,0,2
219.4,1831.49,2050.89,0.61,1,2,1,1042.61,0,2
123.63,3575.68,3699.31,0.83,3,1,0,12499.22,1,1
962.84,2395.39,3358.23,5.25,2,3,0,8049.96,0,0
813.12,2514.53,3327.65,2.99,1,1,0,514.83,0,1
850.58,268.25,1118.83,0.73,1,1,0,2111.18,0,1
258.62,1834.72,2093.34,1.0,3,1,0,3574.49,1,1
955.73,723.87,1679.59,1.6,1,0,0,9155.67,0,0
1131.83,1067.96,2199.78,0.65,2,1,0,6664.99,2,1
956.96,335.5,1292.46,6.5,0,0,0,9794.04,0,1
175.24,370.92,546.16,0.59,1,0,0,13785.97,0,0
359.64,346.0,705.64,0.05,3,1,0,6878.77,1,1
122.14,850.43,972.57,3.79,2,0,0,8140.96,3,1
942.2,285.3,1227.5,3.77,2,1,0,1989.35,0,1
397.62,89.38,486.99,1.42,1,1,0,1047.66,0,1
463.32,934.19,1397.51,1.55,0,1,0,3344.93,0,1
1600.76,978.8,2579.56,6.68,2,3,0,11874.87,0,0
89.14,247.21,336.35,2.76,1,0,0,8016.97,0,0
734.91,248.28,983.18,5.69,1,0,0,6838.0,0,1
54.4,405.29,459.69,2.32,1,0,0,9385.27,0,0
102.86,84.21,187.07,1.88,1,0,0,411.55,0,0
1044.88,433.75,1478.63,1.33,2,1,0,6962.68,0,1
176.27,948.98,1125.25,0.17,3,0,0,11165.28,0,0
211.73,311.5,523.23,4.23,1,2,1,786.43,2,2
2951.97,3979.69,6931.66,1.06,1,2,1,3404.51,0,2
308.92,537.27,846.2,3.94,2,0,0,2297.05,0,0
2085.8,1186.59,3272.39,10.71,3,3,0,14397.92,0,0
247.73,82.49,330.22,5.89,2,0,0,885.38,0,1
1192.23,1368.91,2561.14,2.83,2,0,1,1223.64,0,2
678.49,2980.53,3659.02,7.61,2,1,0,226.58,0,1
785.41,1249.27,2034.68,3.23,2,1,0,5807.58,0,1
992.99,490.53,1483.53,8.14,1,1,0,2930.03,0,1
676.13,897.71,1573.84,3.53,3,2,1,4620.13,0,2
303.88,346.76,650.64,1.19,1,2,1,7792.09,0,2
2264.08,211.25,2475.33,6.07,3,1,0,8081.77,3,1
3148.43,509.64,3658.07,19.53,1,0,1,3086.99,0,2
870.24,1298.47,2168.71,0.91,1,2,1,14071.8,1,2
839.16,1373.49,2212.65,7.92,3,1,0,8357.3,0,1
176.85,2536.25,2713.1,1.52,2,0,1,1905.22,0,2
708.12,2361.96,3070.09,1.55,2,0,1,8356.08,1,2
204.38,559.65,764.03,4.07,1,0,0,6420.36,0,0
426.22,281.13,707.35,1.75,1,1,0,14489.98,0,1
96.58,635.14,731.72,2.83,1,3,0,14116.28,0,0
2326.77,396.4,2723.17,2.68,3,1,0,4267.14,0,1
75.78,397.87,473.66,1.41,2,2,1,8442.37,2,2
204.96,1452.98,1657.94,5.53,1,0,0,8538.21,0,1
79.08,1147.69,1226.77,2.51,3,3,0,3219.29,0,0
835.37,2028.29,2863.66,4.0,0,0,1,9989.64,0,2
28.72,275.76,304.48,0.54,2,0,0,4787.36,0,0
2430.52,753.47,3183.99,1.25,0,0,1,14196.53,0,2
567.34,3442.32,4009.65,0.58,1,3,0,4617.8,0,0
1628.98,1529.29,3158.27,1.84,2,2,1,1186.19,0,2
73.64,158.27,231.92,7.8,1,1,0,2615.62,2,1
603.98,1265.94,1869.92,6.64,2,2,1,13597.16,0,2
82.49,1728.97,1811.46,6.39,1,3,0,12540.86,0,0
386.73,306.93,693.66,5.81,1,0,0,5564.16,2,1
564.65,1604.33,2168.99,2.19,1,0,0,11155.73,2,1
457.66,1075.56,1533.21,4.68,0,0,0,2052.12,0,0
1074.09,1010.49,2084.58,1.45,1,0,0,11524.85,0,0
49.46,1497.28,1546.75,4.74,1,0,0,1176.22,0,0
175.95,303.79,479.74,1.41,1,3,0,13420.2,0,0
1374.02,153.7,1527.73,11.24,2,1,0,10500.06,3,1
959.37,357.5,1316.87,3.06,2,0,0,8467.76,0,0
2059.55,1135.7,3195.25,0.06,1,1,0,7445.44,0,1
1023.08,1281.88,2304.96,9.62,1,3,0,7691.68,0,0
1057.05,1023.77,2080.82,5.65,2,0,0,4817.38,0,1
912.12,183.12,1095.24,2.72,1,0,0,11175.96,1,0
891.33,1984.34,2875.67,2.73,1,1,0,5124.47,0,1
22.58,541.18,563.76,11.82,1,0,1,10709.87,2,2
2248.9,2318.29,4567.2,1.48,2,1,0,11606.79,0,1
139.98,2524.79,2664.77,6.92,1,1,0,121.28,3,1
790.19,630.19,1420.39,15.52,1,2,1,8597.66,0,2
133.73,1161.32,1295.06,0.55,3,2,1,1495.5,0,2
311.68,744.54,1056.21,6.85,3,0,0,10073.84,0,1
2909.85,388.48,3298.33,1.59,2,0,1,1908.44,0,2
287.01,1756.98,2043.99,6.34,1,1,0,3842.76,0,1
720.49,3264.67,3985.16,7.3,1,0,1,14086.92,0,2
176.26,497.54,673.8,0.03,2,0,0,237.09,2,1
514.1,745.66,1259.76,7.96,1,0,0,1839.54,0,1
1652.79,536.85,2189.64,1.42,1,3,0,3157.29,3,0
213.86,2428.82,2642.69,5.61,2,0,1,10352.95,0,2
101.34,1603.08,1704.42,2.77,1,2,1,13527.55,0,2
503.8,1129.15,1632.96,6.97,1,0,0,6414.74,0,1
1143.71,1043.08,2186.79,0.48,1,0,0,12868.56,3,1
431.24,110.1,541.34,1.13,3,0,0,3779.78,0,0
1545.33,606.57,2151.9,5.32,1,2,1,4233.66,1,2
1485.37,115.85,1601.23,1.13,1,0,0,7975.9,0,0
80.81,2174.85,2255.66,1.12,2,0,0,8585.29,0,0
122.05,79.39,201.44,4.27,1,0,0,4088.26,0,0
1850.58,72.93,1923.52,11.58,1,2,1,9788.8,0,2
31.6,955.82,987.42,2.03,0,2,1,8117.61,1,2
1986.57,649.37,2635.94,3.92,0,0,1,205.74,0,2
156.1,577.88,733.98,1.82,2,0,0,9751.03,2,1
119.45,521.29,640.75,1.46,1,0,0,4382.3,0,0
59.53,1251.25,1310.78,2.47,0,1,0,5814.66,3,1
1403.54,643.29,2046.83,9.34,2,0,0,7554.55,0,1
165.49,350.3,515.79,0.72,2,0,0,10569.18,0,0
2198.94,1445.97,3644.91,0.28,1,0,1,11118.17,0,2
348.31,164.16,512.47,3.81,1,2,1,5746.44,0,2
1635.7,635.77,2271.47,0.49,2,2,1,9305.42,0,2
3708.46,951.11,4659.57,7.52,2,0,1,12787.9,0,2
332.79,1987.7,2320.49,4.43,2,2,1,1777.88,0,2
145.22,1274.84,1420.07,4.36,1,0,0,849.81,0,0
455.41,211.22,666.63,1.79,1,0,0,13436.77,2,1
398.93,1242.48,1641.41,5.85,1,1,0,6802.08,0,1
739.24,454.35,1193.59,3.84,3,1,0,1906.85,0,1
67.43,371.43,438.85,1.33,2,1,0,6597.45,0,1
550.13,2437.31,2987.44,4.1,3,0,1,8158.32,1,2
1449.14,2399.13,3848.27,4.18,3,2,1,14686.32,0,2
961.85,1664.28,2626.13,3.08,1,1,0,1937.45,1,1
1066.01,2075.53,3141.54,6.05,3,0,1,12595.46,1,2
227.84,354.21,582.06,7.74,1,0,0,3020.1,1,1
926.6,908.15,1834.75,3.05,1,0,0,11642.63,3,1
116.43,110.83,227.26,0.05,3,1,0,8431.14,1,1
445.66,212.55,658.22,2.73,2,3,0,6263.62,0,0
1200.17,302.85,1503.03,1.96,1,0,0,4914.86,0,0
1421.07,402.83,1823.9,1.55,1,0,0,13113.08,0,0
1155.92,836.03,1991.95,1.27,1,0,0,5598.36,2,1
116.14,1297.02,1413.17,6.87,2,1,0,4815.38,0,1
1640.31,1319.52,2959.83,3.58,1,0,1,13254.26,0,2
130.37,52.16,182.53,0.14,1,1,0,6222.9,0,1
1021.65,496.06,1517.72,2.27,3,1,0,12511.61,0,1
822.79,911.56,1734.35,4.12,2,0,0,10070.4,0,0
163.56,1406.12,1569.68,0.45,1,0,0,6948.53,0,0
395.51,930.57,1326.07,6.12,2,0,0,8984.25,0,1
130.38,1177.65,1308.03,0.49,2,2,1,832.31,1,2
137.35,427.84,565.2,0.2,2,0,0,10159.44,1,0
955.57,810.36,1765.93,0.08,2,0,0,7442.44,0,0
1337.88,1657.62,2995.5,1.22,0,0,1,875.15,0,2
172.16,113.58,285.73,6.01,1,0,0,9799.48,0,1
932.12,1372.72,2304.84,8.66,1,2,1,9818.73,0,2
123.53,480.29,603.82,2.07,2,0,0,5779.09,1,0
272.59,2957.26,3229.85,0.5,2,2,1,1335.43,0,2
237.07,628.48,865.54,11.06,3,0,1,2127.24,0,2
1316.39,329.24,1645.63,13.55,2,3,0,5077.28,0,0
1761.5,666.69,2428.19,4.02,2,0,0,9544.36,0,0
282.78,563.83,846.61,0.04,0,0,0,5340.48,0,0
1663.23,1484.64,3147.87,1.82,1,1,0,7287.11,0,1
88.6,321.5,410.1,0.25,1,1,0,3525.78,3,1
1764.91,821.09,2585.99,2.05,1,0,1,3218.66,0,2
2199.78,663.2,2862.98,3.01,0,0,1,7636.56,0,2
123.53,1829.22,1952.74,1.92,2,1,0,13969.41,0,1
586.56,141.37,727.93,0.49,1,0,0,6927.97,0,0
336.85,1851.12,2187.96,0.03,2,0,0,6033.93,2,1
1925.01,1606.3,3531.31,1.23,2,0,1,1986.89,1,2
1345.9,140.07,1485.97,3.66,1,3,0,5315.1,0,0
748.84,1926.96,2675.8,5.29,2,1,0,12738.23,1,1
264.26,1787.67,2051.92,0.81,0,0,0,1191.36,0,0
81.54,630.09,711.64,1.13,1,1,0,8207.22,0,1
1716.74,876.91,2593.64,0.28,3,1,0,4766.41,0,1
39.69,234.97,274.67,5.09,1,2,1,9795.79,1,2
352.26,595.67,947.93,3.36,2,1,0,4048.01,0,1
180.6,834.08,1014.68,2.46,1,0,0,5821.88,0,0
124.19,1092.31,1216.49,1.33,1,3,0,2808.95,0,0
434.2,1232.77,1666.97,4.23,1,0,0,7739.97,0,0
1785.86,323.55,2109.41,0.62,1,0,0,12420.33,0,0
285.07,493.9,778.97,11.25,1,2,1,8403.05,3,2
290.1,687.86,977.96,1.48,2,0,0,14502.2,0,0
717.76,2290.24,3008.01,7.36,1,0,1,6722.75,0,2
150.17,271.68,421.86,1.08,2,0,0,8279.09,0,0
2258.39,342.7,2601.1,0.72,2,3,0,13955.07,0,0
354.94,724.36,1079.29,4.29,1,0,0,13231.33,0,0
108.36,106.99,215.35,3.26,1,1,0,7363.27,1,1
313.72,1454.17,1767.89,0.3,2,0,0,8259.48,0,0
1356.07,644.57,2000.64,5.57,2,0,0,2458.47,0,1
274.65,385.79,660.44,5.55,1,0,0,7552.95,1,1
810.46,330.98,1141.44,3.94,2,0,0,4634.18,0,0
787.05,1028.09,1815.14,2.26,2,0,0,12204.96,0,0
318.96,412.07,731.02,2.91,1,1,0,9706.33,1,1
1673.53,110.1,1783.62,1.82,1,1,0,11430.92,1,1
672.76,1619.27,2292.04,2.8,3,0,0,14571.18,1,0
789.55,1153.27,1942.82,0.95,2,1,0,6613.51,0,1
719.81,568.82,1288.64,1.29,2,2,1,9686.21,1,2
1544.16,1388.22,2932.38,3.24,1,3,0,13016.14,0,0
461.63,845.79,1307.41,6.26,2,0,0,6512.11,0,1
720.44,872.52,1592.97,0.51,3,2,1,4093.9,1,2
160.65,255.67,416.31,2.43,0,1,0,5706.26,0,1
4701.22,973.01,5674.23,0.7,1,2,1,11940.48,0,2
562.8,179.89,742.69,0.22,1,0,0,2949.51,0,0
1495.79,585.34,2081.13,3.0,1,0,0,10666.79,0,0
129.19,568.72,697.91,0.64,3,0,0,6327.73,0,0
44.91,1091.7,1136.61,0.02,1,0,0,8050.89,0,0
611.74,891.79,1503.53,0.05,2,0,0,878.96,0,0
227.1,185.58,412.68,6.31,2,2,1,9495.77,0,2
1821.64,1099.24,2920.88,3.34,2,0,1,7946.26,0,2
1643.75,567.47,2211.22,13.53,1,0,1,12309.48,0,2
223.52,1181.59,1405.11,3.48,1,1,0,13049.58,1,1
1019.59,1031.61,2051.2,0.45,2,0,0,6239.06,0,0
518.45,745.96,1264.4,4.65,2,0,0,14493.72,0,0
1634.11,271.96,1906.07,4.62,1,3,0,5006.89,0,0
92.75,264.31,357.05,0.19,3,0,0,1422.72,0,0
52.18,465.34,517.52,3.53,1,0,0,2953.67,0,0
633.11,2289.17,2922.28,0.98,2,0,1,2458.42,0,2
105.87,965.86,1071.74,6.19,2,0,0,13413.3,0,1
500.84,2011.97,2512.82,12.83,2,2,1,661.69,1,2
515.26,2752.72,3267.98,2.33,1,3,0,12357.45,0,0
193.16,1421.01,1614.17,1.08,2,2,1,3208.91,0,2
363.23,31.35,394.59,2.52,3,0,0,12869.73,2,1
1549.42,147.66,1697.07,0.07,1,0,0,7875.28,0,0
1287.05,1214.01,2501.06,4.94,0,3,0,7685.79,0,0
162.28,2099.08,2261.37,11.09,2,0,1,8581.53,0,2
2428.1,313.66,2741.76,5.73,1,0,1,2668.56,0,2
1128.91,304.96,1433.87,1.68,1,0,0,13979.21,0,0
1173.8,579.27,1753.07,4.99,2,0,0,9268.68,0,0
371.28,807.17,1178.45,10.65,2,3,0,3939.67,1,0
2998.85,535.86,3534.71,0.29,2,0,1,6702.6,0,2
1313.72,241.47,1555.2,1.69,2,1,0,11250.79,0,1
152.41,2414.87,2567.28,0.26,2,0,1,1747.09,0,2
4965.76,1099.31,6065.07,2.01,3,0,1,7407.69,0,2
1840.1,2407.26,4247.35,7.22,1,0,1,9677.82,0,2
2795.87,2120.05,4915.92,0.23,1,1,0,11515.74,3,1
3803.56,904.49,4708.05,3.01,1,1,0,4716.72,0,1
652.96,708.39,1361.35,2.02,2,1,0,10611.9,0,1
41.51,1480.5,1522.01,2.31,2,0,0,3073.62,2,1
1288.84,289.08,1577.92,6.5,1,2,1,1436.54,0,2
77.56,276.81,354.37,0.14,1,0,0,4870.7,0,0
222.69,1281.95,1504.64,3.21,0,0,0,6179.8,0,0
23.71,289.65,313.36,1.19,0,1,0,7852.82,3,1
105.22,235.47,340.69,0.53,2,0,0,11248.76,1,0
1609.04,4581.74,6190.77,3.64,1,1,0,11220.08,0,1
229.04,965.86,1194.91,1.9,2,0,0,6691.67,0,0
2811.25,148.23,2959.48,3.98,1,1,0,8373.91,0,1
1001.46,889.68,1891.14,7.06,2,0,0,3823.54,0,1
2506.85,1350.51,3857.35,4.45,1,2,1,4934.13,0,2
257.18,449.53,706.71,6.16,1,2,1,14839.33,0,2
126.99,154.66,281.66,0.3,3,0,0,13568.9,0,0
1302.42,1868.28,3170.7,1.57,1,0,1,8454.35,1,2
1003.93,529.4,1533.33,7.4,2,0,0,2542.41,0,1
2924.16,2862.27,5786.42,4.7,2,3,0,2053.09,1,0
41.38,2638.87,2680.25,1.83,1,0,1,3570.24,0,2
140.06,923.16,1063.21,1.93,2,0,0,4876.39,0,0
634.46,1476.16,2110.63,2.52,0,0,0,1292.94,0,0
215.43,2232.91,2448.35,3.65,2,1,0,224.49,0,1
554.66,1276.95,1831.61,4.69,2,0,0,822.12,0,0
647.43,188.95,836.38,0.14,2,2,1,1203.72,0,2
971.58,2962.87,3934.45,0.41,2,0,1,9752.77,0,2
972.51,170.98,1143.49,0.68,2,0,0,14007.86,0,0
569.36,1994.65,2564.01,4.23,2,2,1,1890.37,0,2
1117.89,360.62,1478.51,2.41,1,1,0,5561.61,0,1
93.58,520.74,614.31,14.41,3,2,1,8218.74,0,2
842.72,158.47,1001.18,3.25,0,0,0,14529.45,0,0
860.6,1416.21,2276.81,10.13,2,1,0,3587.46,0,1
72.53,2429.32,2501.85,4.81,1,0,1,3947.58,0,2
190.42,182.25,372.67,1.09,1,0,0,10053.49,0,0
118.52,1508.46,1626.98,0.9,3,2,1,5412.73,0,2
123.98,168.89,292.88,0.39,2,0,0,10549.27,0,0
299.04,1384.39,1683.43,1.39,1,0,0,5752.55,0,0
593.42,34.37,627.8,5.68,1,0,0,10019.9,0,1
35.93,262.03,297.95,5.65,1,1,0,4893.13,0,1
1710.35,915.73,2626.08,0.96,2,1,0,7314.35,1,1
337.4,1063.24,1400.64,0.49,3,3,0,13431.74,0,0
2234.6,796.91,3031.51,9.93,3,2,1,13841.13,1,2
1876.29,425.7,2301.99,1.82,2,0,0,559.29,0,0
1284.0,373.2,1657.2,7.04,2,2,1,6798.79,2,2
197.23,762.69,959.92,3.95,2,0,0,4645.99,0,0
359.35,1605.73,1965.07,1.21,2,0,0,4807.44,0,0
49.9,710.85,760.75,3.63,1,1,0,8382.48,0,1
472.43,52.07,524.49,1.23,1,0,0,8239.09,0,0
274.12,834.54,1108.66,1.46,2,0,0,3675.24,0,0
4590.3,126.91,4717.21,0.36,2,2,1,6426.13,0,2
34.85,1547.0,1581.85,8.41,3,1,0,4827.16,0,1
1145.33,467.99,1613.32,0.54,2,0,0,6216.79,0,0
249.79,1150.92,1400.71,0.7,2,0,0,3694.54,0,0
1605.14,94.57,1699.71,0.2,1,0,0,8057.14,0,0
1089.57,936.54,2026.11,1.02,1,0,0,4309.86,0,0
302.32,596.98,899.3,2.0,0,2,1,12270.22,2,2
705.43,183.31,888.74,0.72,2,0,0,10136.79,0,0
189.26,735.13,924.39,0.75,2,0,0,4972.4,0,0
2221.03,758.66,2979.7,21.34,2,0,1,9331.78,0,2
218.96,815.82,1034.78,0.06,2,0,0,2516.53,0,0
515.14,40.87,556.01,3.17,2,0,0,13200.14,0,0
768.27,250.77,1019.03,3.89,0,1,0,9384.75,0,1
359.58,3083.68,3443.25,5.07,1,0,1,7623.5,2,2
607.29,1260.44,1867.73,2.91,0,3,0,7641.48,0,0
2704.64,996.34,3700.98,3.01,1,2,1,5578.86,1,2
562.63,1942.33,2504.96,8.48,1,0,1,2700.03,0,2
180.32,1952.68,2133.0,1.89,2,1,0,10965.68,0,1
1287.06,1389.43,2676.49,4.23,2,1,0,8720.6,0,1
1871.39,3992.65,5864.04,4.75,2,0,1,7420.82,1,2
1027.45,424.9,1452.35,4.12,3,0,0,3446.28,0,0
1758.62,1333.32,3091.94,14.6,2,2,1,10240.69,0,2
354.68,371.35,726.03,6.19,3,0,0,6202.46,0,1
118.97,55.29,174.26,0.2,2,2,1,13077.42,1,2
2273.8,793.5,3067.3,2.97,1,0,1,14180.75,0,2
571.91,537.23,1109.14,2.77,2,0,0,13571.29,2,1
442.64,2239.23,2681.88,1.83,0,0,1,2062.47,0,2
479.37,441.67,921.03,3.84,2,0,0,11903.63,0,0
1070.04,53.88,1123.92,8.87,1,0,0,4438.83,0,1
1314.49,101.19,1415.68,1.73,1,3,0,4533.8,1,0
2482.05,65.29,2547.34,1.76,1,0,1,1513.25,0,2
1382.06,532.96,1915.01,0.83,3,2,1,12604.2,0,2
3932.52,374.55,4307.07,0.06,1,1,0,939.37,0,1
728.94,1578.21,2307.15,7.97,1,1,0,561.46,0,1
555.32,448.71,1004.03,1.97,2,2,1,13237.59,3,2
1620.34,6158.82,7779.16,0.7,0,0,1,12640.07,0,2
81.33,170.01,251.34,1.9,1,0,0,7805.27,0,0
1193.04,1764.73,2957.77,3.04,1,0,1,14114.01,0,2
741.38,1209.39,1950.76,6.92,2,0,0,3462.4,0,1
1379.59,2079.53,3459.12,0.48,2,1,0,11841.72,0,1
118.7,1190.24,1308.95,3.61,2,3,0,7679.72,0,0
1305.22,227.54,1532.76,12.97,2,3,0,14208.85,0,0
360.14,1335.13,1695.27,4.11,0,2,1,3038.92,0,2
520.7,1147.08,1667.77,0.38,2,0,0,12929.4,0,0
409.03,2433.81,2842.84,0.22,1,2,1,2692.26,3,2
576.95,947.92,1524.87,3.05,1,0,0,9825.65,1,0
413.04,41.78,454.82,0.22,2,2,1,1067.0,1,2
1553.91,152.09,1706.0,12.19,0,3,0,1383.42,1,0
185.19,1371.69,1556.89,3.89,2,0,0,2364.5,0,0
798.47,677.1,1475.57,4.97,1,0,0,13230.75,0,0
281.3,1791.71,2073.01,5.3,1,0,0,14198.18,0,1
494.21,2444.7,2938.91,3.46,1,0,1,9669.94,1,2
641.24,3534.11,4175.36,2.15,1,0,1,3247.0,1,2
310.63,151.15,461.78,13.25,2,0,1,10733.54,0,2
45.55,2496.16,2541.71,3.49,3,0,1,5352.69,1,2
1218.36,183.84,1402.21,0.16,2,2,1,10431.67,1,2
57.02,1015.08,1072.1,2.8,2,2,1,7676.34,0,2
639.77,609.36,1249.12,1.21,2,0,0,3965.79,2,1
783.64,1668.43,2452.06,4.32,1,3,0,6236.6,0,0
387.48,3862.97,4250.46,1.9,3,2,1,834.56,0,2
2373.73,390.01,2763.75,13.39,2,0,1,8133.99,0,2
166.64,1075.03,1241.67,2.21,1,3,0,2461.95,2,0
2557.47,751.74,3309.21,2.07,2,3,0,2042.24,1,0
135.11,769.35,904.46,3.81,1,1,0,5557.67,0,1
154.96,757.11,912.08,1.54,0,0,0,5953.3,0,0
354.62,286.35,640.96,0.81,1,2,1,12048.52,0,2
140.33,1258.94,1399.27,3.17,2,0,0,443.4,0,0
733.85,291.91,1025.76,7.55,0,1,0,6299.45,1,1
894.69,643.09,1537.78,0.72,2,0,0,4951.16,0,0
506.54,366.57,873.11,1.06,1,2,1,9096.51,1,2
2740.67,1810.07,4550.74,0.45,2,0,1,11981.57,0,2
172.47,1646.69,1819.16,4.36,2,0,0,1196.09,0,0
416.63,1851.58,2268.21,1.57,1,0,0,5975.68,0,0
194.3,1944.25,2138.55,0.39,2,0,0,9181.07,0,0
544.9,1512.46,2057.36,14.21,1,0,1,4491.05,0,2
1100.03,1027.79,2127.82,2.04,0,0,0,7563.06,0,0
6557.96,1792.99,8350.95,0.78,2,1,0,13534.31,0,1
744.36,759.73,1504.09,2.14,1,0,0,3557.97,0,0
628.49,3412.79,4041.28,1.4,1,1,0,13612.31,1,1
606.8,423.47,1030.27,3.06,2,2,1,8095.02,1,2
323.01,761.27,1084.27,8.96,2,2,1,9988.01,0,2
365.5,3488.95,3854.46,3.76,1,1,0,1884.23,3,1
238.69,332.52,571.21,0.54,1,0,0,14784.31,1,0
1005.27,1587.29,2592.56,1.13,2,3,0,9115.56,1,0
162.97,691.8,854.77,0.64,2,0,0,12128.2,0,0
716.36,403.77,1120.13,2.48,1,2,1,5397.39,0,2
248.54,1026.75,1275.28,4.92,2,0,0,2544.55,0,0
43.36,386.05,429.42,3.98,2,1,0,888.75,0,1
116.36,269.08,385.43,3.91,1,2,1,3230.75,0,2
698.18,162.81,860.99,0.52,1,1,0,5652.59,0,1
105.55,136.45,242.0,2.15,0,2,1,10956.37,0,2
1361.26,438.39,1799.64,0.5,0,0,0,12570.22,0,0
605.65,367.6,973.25,2.56,1,0,0,8188.88,0,0
70.65,1288.96,1359.61,12.08,1,0,1,5564.61,2,2
643.43,1185.61,1829.04,8.56,0,0,0,7571.48,0,1
246.61,1038.99,1285.6,8.7,1,0,0,5971.85,1,1
24.43,259.26,283.69,3.16,2,0,0,2616.0,1,0
349.53,779.51,1129.03,3.52,1,0,0,1254.51,0,0
45.3,89.47,134.77,1.85,2,0,0,8203.78,0,0
442.63,1976.16,2418.79,11.76,1,2,1,7446.15,0,2
247.32,184.14,431.46,3.34,0,1,0,13335.26,2,1
380.03,75.95,455.98,1.87,2,0,0,9324.91,0,0
922.77,397.04,1319.8,1.73,1,1,0,4011.38,0,1
255.11,47.71,302.82,6.01,2,0,0,9955.85,0,1
1289.55,462.66,1752.21,0.73,2,1,0,14755.6,0,1
35.5,1119.23,1154.73,3.93,0,3,0,2651.97,1,0
223.51,685.64,909.15,5.57,1,0,0,13980.01,0,1
2142.04,386.39,2528.43,1.35,0,0,1,6285.1,1,2
87.51,220.55,308.06,3.03,1,0,0,11264.8,2,1
151.01,205.98,356.99,2.25,1,3,0,3746.26,0,0
260.26,392.69,652.95,4.74,2,2,1,12787.19,0,2
657.97,2333.42,2991.39,1.75,2,2,1,2437.85,0,2
1610.82,57.54,1668.37,4.13,2,1,0,6764.81,0,1
453.36,2179.56,2632.92,2.23,2,3,0,11764.44,0,0
695.29,411.18,1106.47,1.53,2,1,0,12560.74,0,1
3539.98,940.48,4480.46,12.57,1,3,0,7605.01,0,0
1507.19,1982.09,3489.29,11.9,1,1,0,10077.21,0,1
764.67,273.02,1037.68,2.16,2,1,0,5266.11,0,1
2049.05,207.57,2256.62,2.51,2,0,0,11953.61,0,0
53.38,173.67,227.05,1.1,1,1,0,8765.67,0,1
44.35,523.04,567.38,4.71,2,3,0,13461.52,0,0
1193.98,708.98,1902.96,2.75,2,1,0,8197.92,0,1
480.44,866.11,1346.54,0.55,2,1,0,12069.24,3,1
362.48,2678.29,3040.77,6.86,2,0,1,6361.72,0,2
819.33,203.75,1023.08,0.07,3,0,0,5737.38,0,0
945.58,441.29,1386.87,6.96,1,0,0,4877.88,1,1
275.51,3187.03,3462.54,8.55,0,0,1,12545.14,1,2
242.15,1461.45,1703.6,3.8,2,2,1,8851.81,0,2
34.62,604.47,639.09,1.24,1,0,0,7064.07,0,0
311.77,70.06,381.83,1.83,3,2,1,13221.69,0,2
470.94,1775.35,2246.29,0.34,2,1,0,2521.23,0,1
710.93,1064.92,1775.85,2.27,2,0,0,14854.32,0,0
363.65,622.5,986.15,0.72,3,0,0,2422.19,0,0
1198.92,297.84,1496.76,0.97,2,1,0,8095.45,0,1
424.57,99.32,523.89,1.16,2,1,0,10863.37,0,1
52.08,1858.46,1910.54,1.45,2,0,0,13056.16,0,0
95.7,667.31,763.01,3.27,3,0,0,3894.49,0,0
36.93,981.84,1018.77,1.16,1,0,0,6529.47,1,0
461.5,767.01,1228.51,6.03,3,2,1,6555.44,0,2
1640.83,3999.54,5640.37,0.26,1,0,1,5160.94,0,2
158.44,267.15,425.59,2.73,1,1,0,3503.55,0,1
1137.78,1077.89,2215.66,1.25,1,0,0,12359.13,0,0
327.33,352.11,679.44,2.31,1,2,1,687.32,0,2
346.61,471.66,818.27,0.78,1,1,0,10675.8,0,1
1862.22,741.09,2603.31,4.74,3,0,1,3507.19,2,2
599.87,4705.5,5305.37,0.32,2,3,0,6955.53,0,0
2814.25,643.04,3457.29,9.54,2,0,1,7751.42,0,2
223.34,307.1,530.44,7.01,1,1,0,13782.45,0,1
1603.16,361.98,1965.14,3.18,2,1,0,8713.27,0,1
198.06,2418.45,2616.51,1.43,1,2,1,841.74,0,2
1699.46,43.84,1743.3,2.3,2,1,0,1080.86,3,1
1335.37,1196.05,2531.42,0.16,2,0,1,8517.79,0,2
55.3,2431.9,2487.2,0.82,2,0,0,9748.04,0,0
2964.51,2241.0,5205.52,11.89,1,0,1,5349.4,0,2
1397.45,1168.25,2565.69,1.48,2,0,1,4991.0,0,2
329.45,1035.51,1364.96,0.96,1,2,1,6170.38,0,2
810.14,191.1,1001.24,2.96,1,0,0,249.7,2,1
395.84,254.79,650.62,1.76,1,0,0,924.86,0,0
86.2,834.44,920.64,4.02,1,0,0,275.52,0,0
1508.15,1357.75,2865.9,9.63,1,0,1,1406.99,0,2
1618.19,277.89,1896.08,4.12,2,0,0,9236.24,0,0
288.24,3644.77,3933.0,3.57,1,2,1,8822.09,2,2
645.93,1573.08,2219.01,0.38,2,0,0,11929.93,0,0
2822.85,94.7,2917.55,1.74,2,0,1,12285.55,0,2
641.15,302.0,943.15,2.98,3,1,0,6805.36,0,1
108.68,1752.54,1861.22,0.9,1,0,0,13137.63,0,0
630.17,655.51,1285.68,1.36,1,2,1,4971.44,0,2
70.42,476.65,547.07,5.79,3,0,0,3075.08,3,1
231.39,1003.96,1235.35,0.93,1,2,1,7208.94,0,2
1804.65,117.15,1921.8,0.54,0,2,1,4049.2,0,2
3362.34,141.91,3504.25,4.43,2,1,0,4813.99,0,1
822.96,1433.43,2256.39,4.77,2,1,0,10501.25,0,1
140.19,851.36,991.55,0.96,0,1,0,12813.94,1,1
179.88,326.34,506.22,0.55,3,0,0,11856.71,0,0
100.49,494.37,594.86,0.48,1,2,1,2612.13,0,2
139.57,1758.98,1898.55,3.0,2,2,1,6863.99,1,2
839.27,1659.43,2498.7,0.81,2,1,0,4594.77,0,1
1305.2,33.83,1339.02,0.23,2,0,0,11485.02,2,1
939.1,592.0,1531.1,1.78,1,0,0,13691.89,1,0
843.04,2639.98,3483.02,1.29,2,0,1,10073.29,1,2
4131.6,843.7,4975.3,7.34,1,0,1,4875.99,0,2
2098.3,206.35,2304.65,10.89,1,0,1,6452.14,1,2
1101.11,642.48,1743.6,1.9,2,3,0,6472.27,0,0
271.49,52.68,324.18,4.67,0,0,0,3886.79,1,0
1612.17,1367.22,2979.39,3.5,3,1,0,10064.42,0,1
242.9,1836.83,2079.72,4.1,0,2,1,7698.78,0,2
1932.7,307.04,2239.74,1.66,0,2,1,13133.73,0,2
1038.48,619.76,1658.24,0.97,2,2,1,14840.27,1,2
371.64,1237.88,1609.52,0.85,1,0,0,1984.32,0,0
3250.91,368.85,3619.76,7.61,2,2,1,12895.3,0,2
1642.8,423.48,2066.28,10.63,2,2,1,14022.72,0,2
1985.51,906.52,2892.03,2.95,1,0,1,11517.93,2,2
1123.49,405.93,1529.41,6.85,1,1,0,10909.48,0,1
89.76,449.23,538.99,4.59,3,0,0,8320.15,1,0
408.03,2962.45,3370.48,3.33,1,2,1,8652.23,1,2
152.29,70.88,223.18,6.42,2,0,0,9387.39,0,1
107.95,895.87,1003.82,12.59,1,2,1,13431.95,0,2
371.42,339.15,710.56,3.65,3,0,0,1285.86,0,0
226.26,2158.4,2384.67,2.94,1,0,0,5119.03,0,0
571.73,217.46,789.19,0.96,0,0,0,5454.15,2,1
975.26,925.75,1901.01,3.66,1,0,0,14723.18,0,0
236.97,1216.27,1453.23,0.65,3,0,0,13523.53,0,0
680.97,276.17,957.14,6.01,0,2,1,2442.81,0,2
377.27,756.85,1134.12,8.35,2,0,0,4863.84,0,1
819.38,734.12,1553.5,1.85,3,0,0,3067.44,0,0
1694.19,347.45,2041.64,9.14,2,0,0,6252.38,2,1
930.67,141.94,1072.61,0.94,1,1,0,9597.33,1,1
754.22,743.05,1497.27,0.71,2,2,1,671.59,0,2
501.65,275.48,777.12,2.49,3,1,0,1089.44,0,1
534.29,498.28,1032.57,2.62,2,0,0,7450.79,0,0
276.4,467.38,743.78,7.55,3,1,0,1739.26,2,1
1033.03,99.37,1132.4,9.2,2,3,0,14932.71,0,0
2670.99,943.74,3614.73,3.07,3,0,1,10829.66,2,2
1641.62,1030.74,2672.35,0.34,1,0,1,10438.56,1,2
1412.92,493.8,1906.72,3.0,2,3,0,14192.07,0,0
67.0,784.9,851.89,2.32,3,0,0,13635.72,0,0
2128.42,766.99,2895.4,9.55,3,0,1,9140.07,0,2
545.49,152.61,698.1,11.91,2,0,1,13723.67,0,2
169.92,44.8,214.72,9.97,1,0,0,12979.6,0,1
679.11,770.93,1450.04,9.25,2,2,1,8499.68,3,2
971.18,83.39,1054.57,3.8,1,1,0,14425.12,0,1
1131.01,1252.77,2383.77,0.36,2,3,0,4268.53,0,0
1858.67,1550.15,3408.83,0.19,2,0,1,14919.01,0,2
119.82,960.49,1080.31,4.18,2,0,0,4052.75,0,0
328.59,1160.48,1489.06,15.95,3,3,0,990.46,0,0
1007.71,278.6,1286.32,1.98,0,1,0,704.73,1,1
803.04,1040.48,1843.52,5.68,0,0,0,6177.62,0,1
2113.85,262.61,2376.46,0.18,1,1,0,455.87,0,1
1297.85,738.88,2036.73,6.13,1,0,0,2937.16,0,1
194.32,450.33,644.64,0.62,2,0,0,7605.42,0,0
67.61,445.47,513.09,0.73,0,1,0,3426.51,0,1
375.57,2889.88,3265.45,1.97,1,0,1,2498.67,0,2
214.72,354.99,569.7,0.38,3,0,0,11454.29,0,0
547.72,286.29,834.01,0.16,1,0,0,3373.87,2,1
129.61,306.98,436.6,3.9,2,3,0,2946.83,0,0
567.95,1761.51,2329.46,2.53,1,0,0,6966.94,1,0
2392.21,1916.68,4308.89,1.63,1,1,0,13671.43,1,1
1426.06,2377.16,3803.22,7.76,1,0,1,9095.95,0,2
943.46,253.74,1197.2,2.4,2,0,0,1363.02,0,0
237.64,556.64,794.28,4.03,1,0,0,5437.46,0,0
2408.95,1052.97,3461.93,1.31,3,0,1,10631.37,0,2
2649.9,1241.53,3891.43,7.28,0,0,1,4114.65,0,2
276.23,338.33,614.55,1.46,2,0,0,12198.32,0,0
605.61,231.92,837.53,3.19,2,0,0,10086.78,1,0
740.32,3171.91,3912.23,3.96,2,0,1,13489.09,0,2
301.13,1256.32,1557.45,2.82,1,0,0,5539.21,2,1
3898.61,831.09,4729.7,3.37,2,0,1,5426.95,0,2
375.11,4229.02,4604.13,5.12,0,0,1,8320.51,0,2
597.62,4009.08,4606.7,0.59,2,1,0,2020.65,0,1
245.85,176.88,422.72,0.39,0,2,1,5046.81,1,2
821.09,400.78,1221.87,0.5,2,0,0,11723.25,0,0
279.29,1755.02,2034.31,6.72,2,2,1,3036.88,2,2
533.9,1523.19,2057.1,3.63,2,0,0,4157.5,0,0
390.23,598.84,989.07,0.56,2,3,0,7327.59,0,0
302.06,855.7,1157.76,4.39,2,1,0,5496.51,1,1
404.94,678.84,1083.78,2.4,1,0,0,8545.41,0,0
1256.81,1104.88,2361.69,0.1,3,2,1,5079.81,1,2
396.75,669.59,1066.34,0.82,3,0,0,11456.59,2,1
735.02,423.2,1158.22,0.36,1,0,0,2218.5,0,0
1055.97,2714.63,3770.6,6.17,1,3,0,5797.21,0,0
1661.22,195.0,1856.21,1.46,1,0,0,10565.74,0,0
862.68,199.85,1062.53,0.97,0,0,0,5572.44,0,0
939.74,253.5,1193.23,11.6,2,1,0,7347.99,1,1
49.79,279.56,329.34,0.55,2,2,1,9456.59,0,2
268.52,343.14,611.66,1.83,0,0,0,14010.54,1,0
879.98,978.23,1858.21,1.87,1,0,0,659.18,2,1
62.57,3760.28,3822.85,0.27,1,0,1,11206.43,1,2
239.09,220.87,459.96,0.0,1,0,0,8149.24,1,0
1322.38,610.4,1932.77,8.72,1,0,0,9917.64,1,1
2413.39,1907.11,4320.5,3.08,2,0,1,12832.28,2,2
331.3,158.07,489.37,5.38,2,0,0,13955.83,1,1
849.58,112.26,961.84,4.24,2,0,0,13015.64,0,0
121.19,543.79,664.99,2.78,2,0,0,5274.6,0,0
1763.76,1284.4,3048.16,1.35,1,1,0,1865.08,0,1
1220.99,345.05,1566.04,1.91,2,2,1,12632.33,0,2
1846.65,2533.96,4380.61,1.47,2,1,0,11741.23,0,1
901.03,346.64,1247.67,4.79,2,1,0,1850.78,0,1
27.39,2531.97,2559.36,2.28,1,0,1,14223.06,0,2
839.88,264.69,1104.57,0.93,1,0,0,915.7,0,0
40.54,710.32,750.87,0.46,3,0,0,10093.84,0,0
232.96,2648.99,2881.95,2.09,0,0,1,5113.11,0,2
2374.26,5292.81,7667.07,1.4,1,0,1,8303.12,0,2
499.49,677.98,1177.47,0.99,2,0,0,5072.19,0,0
1308.98,366.46,1675.44,7.75,1,1,0,9409.45,0,1
53.97,1466.76,1520.73,12.9,3,2,1,5916.61,0,2
694.97,3198.52,3893.49,16.96,2,1,0,13595.78,1,1
314.45,289.91,604.36,0.83,1,0,0,3239.53,1,0
481.88,2414.21,2896.09,1.19,1,2,1,7494.8,2,2
877.45,1246.34,2123.79,1.29,2,0,0,11996.96,2,1
338.89,626.66,965.55,5.08,2,2,1,1390.63,0,2
951.51,471.43,1422.94,3.95,0,0,0,8929.27,1,0
2586.68,234.12,2820.79,3.49,2,0,1,4004.32,0,2
605.24,1506.77,2112.02,9.56,2,0,0,2050.13,1,1
334.66,2143.5,2478.16,2.5,1,0,0,4948.73,2,1
219.27,3802.56,4021.83,6.5,2,0,1,12550.02,0,2
73.09,527.35,600.44,1.89,2,0,0,10833.56,1,0
186.63,1819.34,2005.97,1.43,2,0,0,7407.77,0,0
534.92,1673.33,2208.25,7.91,2,0,0,3330.53,0,1
1016.33,1327.08,2343.41,3.55,3,1,0,11615.32,0,1
568.88,627.94,1196.82,9.42,1,0,0,6853.6,0,1
1334.24,878.04,2212.27,7.13,0,0,0,5324.58,0,1
1063.01,1823.63,2886.63,3.09,2,0,1,3030.66,0,2
1229.79,38.35,1268.15,1.92,2,0,0,3625.83,2,1
1090.01,589.84,1679.85,1.3,2,0,0,10173.79,0,0
829.12,3202.9,4032.02,1.56,1,1,0,8289.37,0,1
891.73,508.87,1400.6,2.26,1,1,0,3064.05,0,1
129.31,698.0,827.31,0.09,1,1,0,7767.11,1,1
173.74,1783.65,1957.39,0.93,1,0,0,1178.12,3,1
334.83,818.41,1153.23,16.88,1,1,0,12495.93,0,1
887.39,1895.11,2782.5,0.98,0,0,1,11191.85,2,2
1309.9,3474.08,4783.98,5.21,0,0,1,2494.63,2,2
788.08,316.36,1104.44,1.76,1,0,0,10321.76,0,0
2820.49,69.76,2890.25,2.96,3,1,0,4365.26,0,1
666.27,950.18,1616.45,1.99,2,1,0,13020.57,0,1
94.31,412.12,506.43,1.62,3,0,0,12125.89,0,0
454.3,2549.88,3004.18,0.32,3,1,0,2432.29,0,1
854.11,118.94,973.05,5.78,1,0,0,4350.14,0,1
1597.08,211.47,1808.54,10.21,2,3,0,4571.0,2,0
222.47,675.4,897.86,10.43,2,1,0,14017.09,0,1
580.0,1257.5,1837.51,10.96,2,2,1,14054.9,0,2
1263.19,94.22,1357.41,15.73,2,0,1,4374.02,0,2
1583.87,197.78,1781.65,1.23,2,1,0,7523.02,0,1
96.76,1372.17,1468.93,2.13,3,0,0,12085.18,0,0
1271.28,3559.37,4830.65,3.14,2,1,0,5982.63,0,1
817.87,386.56,1204.43,0.74,1,0,0,5914.55,0,0
739.06,1230.48,1969.53,0.95,1,2,1,1429.41,0,2
4244.04,329.37,4573.41,1.33,2,1,0,3998.9,0,1
345.46,2312.44,2657.89,0.93,1,0,1,9650.99,0,2
175.85,1410.89,1586.74,8.4,2,0,0,5553.82,2,1
1331.89,116.36,1448.25,0.42,2,1,0,11715.02,0,1
270.32,1673.48,1943.8,2.19,2,0,0,6105.28,0,0
2510.24,3732.7,6242.94,7.08,2,1,0,436.27,0,1
2088.95,63.75,2152.7,4.01,1,1,0,1833.34,0,1
602.64,46.73,649.37,1.46,2,3,0,2198.94,0,0
3745.6,499.29,4244.89,0.72,2,1,0,1413.32,0,1
229.79,238.92,468.71,0.16,1,3,0,5415.18,0,0
603.37,108.72,712.09,4.33,1,3,0,7610.64,1,0
891.41,1433.5,2324.92,10.75,1,1,0,2587.56,2,1
257.41,189.32,446.73,0.12,2,2,1,9229.0,0,2
1193.33,1444.89,2638.22,6.25,1,1,0,11065.71,2,1
513.75,829.98,1343.73,0.03,1,2,1,3547.1,0,2
1000.64,1658.69,2659.33,0.1,1,0,1,9626.86,0,2
240.82,1204.59,1445.41,5.31,1,0,0,6437.81,1,1
859.05,3190.16,4049.21,0.19,2,0,1,13856.03,0,2
2716.5,967.84,3684.34,0.59,2,2,1,9624.11,1,2
231.12,690.06,921.18,0.14,1,0,0,10109.51,0,0
643.48,417.37,1060.85,7.83,1,2,1,13327.5,0,2
39.59,3672.01,3711.6,5.48,0,0,1,14741.52,0,2
1319.05,2636.32,3955.36,1.17,1,0,1,7285.16,0,2
120.22,3071.19,3191.41,5.03,0,0,1,7519.43,0,2
644.07,4220.31,4864.38,0.9,1,1,0,9772.39,0,1
112.99,592.04,705.03,2.02,3,0,0,13388.12,0,0
612.36,1610.9,2223.26,3.0,1,0,0,1990.41,3,1
184.74,1815.96,2000.69,3.63,1,0,0,3085.06,0,0
207.07,1857.47,2064.54,4.25,2,0,0,9677.75,0,0
1821.72,2943.2,4764.92,2.84,1,2,1,5973.44,0,2
886.28,594.29,1480.57,1.47,2,0,0,10819.95,1,0
359.31,764.32,1123.63,1.31,1,0,0,12830.55,2,1
131.49,528.78,660.27,1.16,3,0,0,14214.87,0,0
343.97,487.9,831.88,1.91,0,0,0,3754.66,3,1
274.3,213.11,487.41,1.52,1,1,0,7180.05,0,1
160.13,1084.52,1244.65,6.39,1,2,1,11192.19,0,2
785.38,1134.35,1919.72,1.52,1,2,1,1188.97,1,2
1133.45,708.33,1841.78,0.26,3,2,1,1840.38,0,2
425.81,89.85,515.65,11.39,2,2,1,3872.7,1,2
110.52,2164.45,2274.97,0.32,3,0,0,11579.52,1,0
2417.58,181.47,2599.04,0.01,2,2,1,5348.24,3,2
297.18,280.05,577.23,2.68,0,0,0,1516.34,0,0
685.64,66.68,752.32,8.74,2,0,0,13652.84,0,1
562.0,472.88,1034.88,13.14,1,0,1,5620.32,0,2
1990.63,5028.96,7019.59,1.66,2,3,0,5562.9,0,0
989.78,232.66,1222.44,2.32,1,0,0,898.29,2,1
662.45,283.98,946.43,0.64,2,2,1,4448.82,0,2
1533.42,42.23,1575.65,6.58,2,3,0,103.59,0,0
814.1,352.64,1166.75,0.62,1,2,1,8928.15,0,2
1839.28,2029.25,3868.53,1.17,2,0,1,12648.69,0,2
492.33,1409.74,1902.07,2.0,1,2,1,6158.88,0,2
155.7,347.39,503.09,0.57,1,1,0,2442.34,0,1
258.6,529.55,788.15,8.81,2,2,1,9608.28,3,2
501.83,1115.99,1617.82,4.71,1,0,0,1426.25,0,0
111.33,534.13,645.47,0.1,1,1,0,13128.53,0,1
390.95,255.97,646.91,1.04,1,0,0,7114.7,2,1
153.69,980.08,1133.77,11.86,2,0,1,6297.11,1,2
172.83,599.87,772.7,0.39,1,1,0,1098.17,0,1
1846.47,517.11,2363.57,5.11,1,3,0,3664.25,1,0
390.44,1823.66,2214.11,1.78,3,0,0,584.05,0,0
1698.67,392.33,2091.0,1.33,1,0,0,14554.74,3,1
598.58,237.91,836.5,1.47,1,3,0,6101.5,0,0
696.31,497.0,1193.32,1.85,1,0,0,9099.67,0,0
2822.02,3355.04,6177.06,16.7,2,1,0,12376.06,0,1
260.68,559.66,820.35,13.68,0,1,0,11150.4,0,1
553.47,238.16,791.62,2.67,2,0,0,2609.76,0,0
232.85,971.63,1204.48,4.72,3,2,1,6543.31,1,2
94.12,650.45,744.57,5.97,1,2,1,7131.35,0,2
1906.33,4455.85,6362.18,1.69,2,3,0,7730.12,0,0
1165.11,1241.15,2406.27,4.42,1,1,0,4339.23,0,1
235.4,420.12,655.53,0.53,0,0,0,9782.97,2,1
525.88,1014.13,1540.01,0.53,1,0,0,6145.14,0,0
2778.47,987.9,3766.36,0.14,1,3,0,9962.33,0,0
77.16,531.82,608.98,5.07,1,0,0,6884.4,2,1
929.31,723.95,1653.26,1.02,2,0,0,13454.23,0,0
1367.62,621.35,1988.97,0.55,2,1,0,14521.18,0,1
1031.54,248.68,1280.22,3.59,2,0,0,1205.23,1,0
420.52,351.98,772.5,5.64,1,3,0,7243.88,0,0
2439.36,1658.65,4098.01,1.05,1,0,1,14190.54,0,2
84.06,355.53,439.59,0.64,2,0,0,6741.37,0,0
151.81,1281.6,1433.41,4.57,1,1,0,11878.65,0,1
1931.09,438.28,2369.37,0.44,2,0,0,8738.59,0,0
306.92,285.38,592.3,0.41,2,1,0,1787.33,0,1
1967.64,1620.82,3588.46,3.24,2,0,1,10596.96,0,2
1288.52,150.86,1439.38,6.17,3,0,0,7936.6,0,1
48.76,319.24,368.0,1.65,1,2,1,12066.68,0,2
1789.66,476.37,2266.03,4.74,0,0,0,6217.92,0,0
2279.84,2375.94,4655.78,10.65,2,0,1,2390.86,0,2
1219.02,590.27,1809.29,1.91,2,0,0,13593.17,0,0
418.39,294.47,712.85,1.04,2,1,0,10485.49,2,1
239.7,1010.25,1249.96,11.8,1,0,1,6213.53,0,2
2528.02,381.49,2909.51,1.25,1,2,1,663.52,1,2
654.54,1263.63,1918.16,9.16,1,0,0,4618.89,1,1
1350.92,677.87,2028.79,7.94,2,3,0,10934.73,2,0
1055.57,646.85,1702.42,0.09,2,2,1,3727.29,0,2
463.39,1290.18,1753.58,2.7,3,0,0,4089.84,3,1
635.98,125.84,761.82,4.22,1,0,0,2950.03,0,0
334.65,718.78,1053.43,0.22,2,0,0,6920.69,0,0
467.17,164.68,631.85,9.24,2,0,0,7875.75,0,1
1092.9,1540.06,2632.96,1.31,1,1,0,671.62,0,1
338.23,207.95,546.18,3.99,2,1,0,13985.5,0,1
277.05,572.33,849.38,1.15,1,1,0,10837.18,0,1
484.07,318.97,803.04,3.02,0,0,0,13012.28,3,1
411.17,1059.69,1470.86,5.86,1,1,0,2645.12,1,1
292.45,1161.78,1454.23,2.46,3,0,0,9961.72,3,1
673.89,3423.75,4097.64,3.02,3,2,1,14953.05,0,2
1180.28,117.22,1297.5,0.05,1,0,0,9856.16,0,0
578.63,773.88,1352.52,0.6,2,0,0,13228.47,0,0
2334.75,929.33,3264.08,2.75,0,2,1,9797.34,0,2
1466.21,4966.02,6432.23,12.38,2,1,0,4235.09,0,1
292.52,1971.68,2264.2,2.31,2,0,0,4542.44,0,0
496.25,3403.99,3900.24,2.55,3,0,1,134.98,0,2
252.54,109.91,362.45,5.03,1,2,1,6374.67,0,2
974.3,4002.72,4977.02,0.46,2,1,0,1560.86,0,1
531.25,508.71,1039.97,0.16,1,1,0,415.13,2,1
649.07,354.36,1003.43,2.07,2,1,0,6648.03,0,1
104.98,1086.39,1191.37,0.79,1,0,0,9993.78,0,0
326.18,3445.09,3771.28,4.19,2,1,0,158.38,0,1
1169.35,797.73,1967.08,4.14,2,1,0,290.2,2,1
1379.92,38.4,1418.32,11.45,3,1,0,5502.49,0,1
1002.72,1603.08,2605.8,0.46,1,1,0,950.78,1,1
324.02,1475.42,1799.44,0.75,2,3,0,3023.89,2,0
787.62,1094.71,1882.34,1.94,2,1,0,7296.91,0,1
75.55,1098.95,1174.5,13.92,2,0,1,3478.7,2,2
747.88,2731.94,3479.82,6.53,3,0,1,399.81,0,2
2423.2,918.51,3341.71,5.3,2,0,1,6423.14,0,2
476.5,732.78,1209.28,3.21,0,0,0,7113.52,2,1
842.51,1194.9,2037.4,3.34,1,2,1,11610.59,1,2
691.36,548.4,1239.76,1.36,3,1,0,1270.19,1,1
1240.02,216.0,1456.03,1.56,2,0,0,5078.73,0,0
1176.4,642.36,1818.76,14.98,3,0,1,942.08,1,2
839.48,1511.8,2351.28,8.62,2,2,1,9262.05,0,2
1121.42,247.95,1369.37,0.13,1,0,0,8595.79,0,0
745.61,571.86,1317.47,2.66,0,0,0,4335.9,1,0
41.24,536.97,578.21,6.11,2,1,0,13436.99,0,1
1676.48,490.89,2167.38,5.72,1,2,1,13249.18,0,2
236.26,1758.12,1994.38,21.22,1,0,1,9990.5,0,2
2290.5,890.86,3181.36,0.9,0,1,0,6886.44,0,1
120.6,1758.35,1878.95,0.22,2,0,0,9047.97,0,0
1906.06,847.9,2753.96,2.04,1,0,1,2547.63,1,2
272.68,453.46,726.14,5.36,1,1,0,12151.11,0,1
472.62,63.2,535.82,0.55,2,1,0,6648.67,3,1
34.43,346.21,380.64,0.31,0,1,0,1208.98,0,1
478.34,1117.81,1596.15,8.69,0,0,0,2674.08,0,1
68.27,1445.86,1514.13,1.85,0,0,0,5516.37,2,1
210.05,1552.45,1762.5,6.84,1,2,1,7469.5,0,2
779.34,553.82,1333.16,0.06,2,0,0,7023.87,1,0
1805.49,86.18,1891.67,0.62,1,1,0,879.97,0,1
57.46,467.61,525.07,0.8,1,1,0,12209.72,1,1
1162.45,1513.43,2675.88,1.9,2,0,1,1568.35,1,2
